class,correlation,contrast,homogeneity,energy,dissimilarity
1,0.9527964817587614,2.069021871945259,0.896871069922915,0.47158544734417684,0.4551754948680352
1,0.9770016273761466,1.9710410557184748,0.9144621963082658,0.42078953191491153,0.3897467619745845
1,0.9642533975562448,1.5428732893450638,0.9150514669359859,0.5180564307156912,0.367695350684262
1,0.9770009550926821,1.9711021505376343,0.9144577788735335,0.4207885256204703,0.38976203567937445
1,0.9293457362282649,2.114674975562072,0.8950188744943486,0.5113971938456264,0.4635187561094818
1,0.9902591723326414,1.3348607038123168,0.9221175466227158,0.38818387522698666,0.33187469452590423
1,0.9804312228052664,1.3651179130009776,0.9203525078505962,0.43122568054572996,0.3393702651515152
1,0.9795154932995424,2.2848851417399803,0.8919931872507838,0.3445496738135826,0.48316837732160317
1,0.9635256888181796,2.162420576735093,0.8858072949424639,0.40165349525388955,0.49838098729227764
1,0.9898296770518473,1.6534701857282506,0.9040784533357981,0.33288742049499054,0.40949566226783973
1,0.9683468568622373,2.1196847507331382,0.877407589629503,0.38237815302506406,0.5238880742913001
1,0.94531010077102,2.1966336754643208,0.8856333194501885,0.47680380489391366,0.5004276637341154
1,0.9819420768682753,2.205049486803519,0.8720590651823475,0.33244631327367474,0.5461609543010753
1,0.9884737191348973,1.9545454545454546,0.8902489165596125,0.3214587856366823,0.4714305351906159
1,0.9686057453268258,2.339839931573803,0.8809703668180352,0.37697903569720037,0.5227349095796677
1,0.9702125477752169,2.121929985337244,0.8883014442217935,0.39571700237178953,0.48815906036168133
1,0.9871938734283507,1.7717039345063537,0.9225899870380191,0.3407233235964572,0.3528111253665689
1,0.9649357381127737,1.6520802785923756,0.9036542694807392,0.45948178862789346,0.4105991874389052
1,0.9916479136681197,1.4721102150537635,0.9144433195269908,0.33427939726223077,0.36502627077223854
1,0.9125768895393189,4.026056940371458,0.8307483827676682,0.4310523091850564,0.7721163245356796
1,0.9463957688821205,2.8497067448680355,0.8686031614877167,0.4594391568017256,0.5893664467253177
1,0.9554894136864738,3.154218597262952,0.8604026300640532,0.3877260852983857,0.6308612842130987
1,0.9825108294416507,2.22974706744868,0.8711219451065194,0.33134817019850615,0.5508538000977516
1,0.9735764579694907,2.509790444770284,0.8545626910249775,0.34838521121877986,0.6211242974095798
1,0.9802479585511955,2.0963007086999017,0.878610618495008,0.3958283134674545,0.5185384591886608
1,0.9859216014434582,1.9340481427174978,0.8881222167492044,0.33301511616170265,0.47806695992179865
1,0.9929543098194923,1.675189393939394,0.9027869427950399,0.299004346298925,0.41495601173020535
1,0.9424363465300803,2.4536748533724344,0.8730580817518245,0.4627017228228765,0.5561423203812317
1,0.9288242612801224,2.4365072091886604,0.8735391133178831,0.4720501476677415,0.5533777798142717
1,0.9549696626337053,2.7294721407624634,0.8703523659331217,0.41461448121824407,0.5784610215053763
1,0.9732358487457189,2.886103983382209,0.8655498386308943,0.36205523364985004,0.6029485887096775
1,0.9703340293588634,3.0438966275659824,0.8698180230107184,0.36407368812935864,0.5924288245356795
1,0.9709020938086378,2.6262829912023467,0.8747204587405537,0.36929938044960964,0.558567021016618
1,0.9949968771804863,1.291269550342131,0.9255600790570201,0.30588366151287993,0.3184185606060606
1,0.9879781826916711,1.9263654692082115,0.8881813626159878,0.31790174936558396,0.4772765456989248
1,0.9949968771804863,1.291269550342131,0.9255600790570201,0.30588366151287993,0.3184185606060606
1,0.9848223065954747,1.6945717253176928,0.9015411075189507,0.3509109507527103,0.42012234237536655
1,0.9948179242008125,1.3350592619745847,0.9229005702933024,0.30544264027243995,0.3296256414956012
1,0.973736331665504,2.632606304985337,0.8675912806067907,0.369071441488674,0.5848225195503421
1,0.979439613566279,2.6132392473118276,0.872490653424337,0.3518185012237156,0.5674028592375367
1,0.9797088311913388,1.9352089442815248,0.887994239346978,0.3572892280319188,0.4785098973607038
1,0.9772889586201826,2.2500305474095796,0.8701714649981617,0.3482496452264195,0.5552144428152492
1,0.9615707294461859,3.5652339931573804,0.820032200273604,0.3511016562178029,0.7937324352394917
1,0.9700279199236423,3.454621823069404,0.8315221186687394,0.32622519426528446,0.7481098790322582
1,0.952187012161182,4.290337854349951,0.7866855013955611,0.3327904117819844,0.9449192021016618
1,0.9913830855592419,1.5445992179863148,0.9112158812695634,0.33420418963465653,0.3799257697947214
1,0.964343206018119,4.203491568914957,0.7823684727463117,0.31426964476655117,0.9557558956500489
1,0.9753473379580033,3.4262432795698925,0.8199702242496243,0.30531847558476427,0.7888983076735093
1,0.9646992275745069,3.782548264907137,0.8037192534325434,0.32086458876764457,0.8625175647605084
1,0.9733245858999882,2.959677419354839,0.8388828800991126,0.32937259239545436,0.6995662267839686
1,0.9920439136202911,1.8566868279569895,0.8933810175022525,0.3073227468966106,0.45663413367546435
1,0.9915086642004654,1.8930535190615836,0.8907688549917662,0.2983017440159655,0.46714626099706746
1,0.9719542842072875,1.9643817204301075,0.8863414014151967,0.4135600917078755,0.4855358015640274
1,0.9758409425920159,1.9203018084066472,0.8889037085120252,0.38358882063943345,0.47466092375366575
1,0.9750267800868695,3.362903225806452,0.8336776545992364,0.3174685449738608,0.7363834921798633
1,0.9876831317903604,1.883446358748778,0.8911684727545581,0.3248809739918484,0.46514922409579673
1,0.9844164126925122,1.7300678152492672,0.9000906912902471,0.3837211234256895,0.4270260569403716
1,0.9919571215787579,1.677953934506354,0.9035324858814181,0.31024021585278694,0.4127833272238515
1,0.9808516576709838,2.067494501466275,0.8811634768603847,0.34707563360242044,0.508495998289345
1,0.9607348897396588,2.2191471163245358,0.8713041018502969,0.40842495101233417,0.5494715298142718
1,0.9573669494861344,2.785434995112414,0.8465251545643104,0.39978716770192174,0.664795637829912
1,0.9711458019890818,3.3911443059628543,0.8259046670062534,0.3324672525351201,0.7671561889051809
1,0.9561840725976091,3.0862964320625608,0.8344111466652995,0.3828845396404731,0.7218123778103616
1,0.9856396185520204,1.9281066715542523,0.8897984854460083,0.3599231629003775,0.47266388685239497
1,0.9766398703817333,3.4989002932551325,0.815881494818908,0.2986487010762176,0.8069632820136853
1,0.9740486143652249,3.679557673509286,0.8095724825009389,0.3072326701313254,0.8377550708699901
1,0.9816641847999974,3.6068853861192562,0.8123805970014056,0.279715758394517,0.8249251588465295
1,0.9893824943993241,2.0894886363636362,0.879028441664009,0.2947028098754092,0.5167743462854351
1,0.9941996020753641,1.7058437194525906,0.9011009760185725,0.27132920979932407,0.42229884530791795
1,0.9575522996752073,3.386623289345063,0.8222512159965369,0.3655186174094905,0.7790162206744867
1,0.9665288029355562,3.6742882453567938,0.8135528927102242,0.3380494594007844,0.8189187744379276
1,0.9841190646885456,1.5888929618768328,0.9074189967919929,0.36895983172940555,0.39466489491691104
1,0.9841946313307073,2.077682062561095,0.879803710441347,0.3392609444139416,0.5135019550342133
1,0.9746602476362304,1.8127291055718475,0.8944524035523735,0.39451395556765806,0.4499977089442815
1,0.9899651177717768,1.9836724095796678,0.8854314824728526,0.29990032206631967,0.4897322519550343
1,0.9928999206808456,1.7916055718475075,0.8970561157123738,0.283448348134441,0.4407380254154448
1,0.9949013840251844,1.431604349951124,0.9185706802301493,0.28669300158470784,0.34943945503421314
1,0.9892053786606883,1.7311827956989243,0.9001915741766784,0.3284705080005472,0.4268465909090909
1,0.9816610670471836,3.6814363391984366,0.8154928212304534,0.2750964912336713,0.8136951673998046
1,0.983741149855865,2.8470796676441847,0.8526063672447285,0.3014119570406454,0.6460929863147608
1,0.9759087483765111,3.743447580645161,0.8171100839629061,0.2960796131660815,0.8090977822580645
1,0.9808536681807608,3.4580278592375366,0.8326418289626415,0.289893891823122,0.7424547898338221
1,0.9898943962009048,1.8786656891495603,0.8910903595446964,0.30561859092270316,0.4649468475073314
1,0.9928409344764575,1.403317448680352,0.918112917067229,0.31375766767309166,0.3489201490713587
1,0.9906672270754499,1.9140548631476053,0.889196736779262,0.3011339032431963,0.4732366507820137
1,0.9701446772711283,2.085563294232649,0.8886626735126296,0.39296104412646715,0.4847492057673509
1,0.9672646701637726,2.6205248044965783,0.8693578944321066,0.3733886519077599,0.5752649987781036
1,0.9740469223620661,2.158617424242424,0.8883147042171193,0.3855337189378271,0.48893801930596287
1,0.9818689105713555,2.6851631231671558,0.872723416616288,0.3216363248224671,0.566772818914956
1,0.9941833765502808,1.6477578201368523,0.9045451561731905,0.2763986557602672,0.4077010019550343
1,0.991958358601659,1.795149071358749,0.8951399543225429,0.2974048811159049,0.44666422287390034
1,0.9879356201624468,1.4479930351906158,0.9274304094010271,0.38293643565939095,0.3190409640762463
1,0.9740627154327655,1.7505498533724344,0.9111366597787689,0.4267960387571792,0.3898078567937439
1,0.9879546513443541,2.167506720430108,0.8760549094852295,0.3026870020785121,0.5312996395405671
1,0.9628693247762186,2.1694312072336266,0.8815363867253444,0.4444632052214481,0.5121540505865103
1,0.9797110702911035,2.3143786656891496,0.86718046418183,0.33303900031690875,0.5689569586999023
1,0.9808410005129352,2.42827468230694,0.8604828031153309,0.32273265207186236,0.5973545943304007
1,0.9858052746825804,1.717558651026393,0.9002544591115225,0.3408490718539879,0.4256781524926686
1,0.9870464123621968,1.9224706744868034,0.8897170984809211,0.3383111695805223,0.47250733137829914
1,0.9952188961418825,1.8458119501466275,0.894905379964275,0.2923074992093086,0.4508606732649072
1,0.9962587278983329,1.7255620723362661,0.9035097613441609,0.2554545775515557,0.41605571847507333
1,0.967056537511625,1.4764326735092863,0.9153997113026424,0.4741416071168144,0.36233428030303033
1,0.965558936600262,1.99078995601173,0.8905561690997654,0.4357329796168925,0.47345048264907136
1,0.981070275102777,4.037894061583578,0.8061260453209955,0.28108204447837326,0.8647093413978495
1,0.9824580118694985,3.9091520039100685,0.8118485400441482,0.2751760057946793,0.8393664467253177
1,0.9435565719287266,4.972843352883675,0.786170948867816,0.3381889701115158,0.970689760508309
1,0.9611726934790866,5.00369623655914,0.8020933815500587,0.3053199015473869,0.9104197214076248
1,0.9838442686089824,2.407364980449658,0.8613179048562726,0.35242239894109467,0.5934025232160314
1,0.9842400830662394,2.468551441837733,0.857836662195468,0.31338568994469107,0.6083478433528837
1,0.9729770108400486,3.5341367302052786,0.8294542684886597,0.3170709358676848,0.7601379215542521
1,0.9772742506464909,3.59376527370479,0.8254885609701818,0.3021631364186535,0.7770382759042034
1,0.9957009947301875,1.64890334799609,0.9040823421845227,0.2587842874812039,0.40912527492668616
1,0.9910799423754213,1.67280669599218,0.9028763114843238,0.30876256945886105,0.41452071114369504
1,0.9911956569989699,1.7371089931573807,0.8988945984439345,0.339088994201327,0.4311766862170089
1,0.963000364096337,3.3032288611925704,0.836071552496175,0.3655792166719384,0.725680443548387
1,0.9770765500698685,2.990530303030303,0.8488366087631757,0.3281822493080394,0.6653378543499511
1,0.9800591274336051,3.7351386852394923,0.8294689578218317,0.2875971355293025,0.7682788062072338
1,0.9776287110276207,3.32357343597263,0.8366235184843619,0.30824894245634343,0.7253978800097752
1,0.979107730673364,3.888181207233627,0.8218059673268795,0.28664101513661533,0.8023315310361682
1,0.9823966149659781,3.0040933528836757,0.8354574823125862,0.3282114855126197,0.7135416666666667
1,0.9884117975179303,2.3221377077223853,0.8764193121268993,0.3094724327521733,0.5396543560606061
1,0.9723606252255418,3.1136669110459425,0.8341217022702778,0.3607618090413857,0.7225684261974583
1,0.9949199396547243,0.9665200391006844,0.9440433885706617,0.33434375672696437,0.23902584310850442
1,0.9851362152363964,1.9565157624633434,0.8939080239695228,0.35246248611314945,0.45982633797653955
1,0.9878426090085982,2.216718597262952,0.8828387250919555,0.318345726509127,0.5114743707233627
1,0.97849767975427,2.1666972140762466,0.875439212514844,0.3466326293786473,0.5332737658846531
1,0.9886447486610196,1.995769183773216,0.8858982289869447,0.31216024003033277,0.4893733198924731
1,0.9850819780246365,2.5825849217986314,0.8607083186525337,0.3344709485906744,0.604827254398827
1,0.9830544048293577,3.0862658846529816,0.8361934698206984,0.3149500570520379,0.7149010263929618
1,0.9943825102923123,1.2911473607038124,0.9251800200662184,0.2996683048895404,0.31948771994134906
1,0.9857501656084889,1.8030150293255132,0.8956894540240108,0.3413767707528569,0.44567525048875856
1,0.99261160371193,2.48622311827957,0.8681678738666332,0.26061622712052585,0.5757881231671556
1,0.9916410126004424,2.7095246823069408,0.8553242109190418,0.26065153353163445,0.6305443548387097
1,0.9735060421898494,1.94023399315738,0.8880558255747701,0.3993912769137193,0.4787122739491691
1,0.9754860307307012,1.7490683040078203,0.8989407884722532,0.38898716054462706,0.4319594635874878
1,0.984636560878167,1.3076124144672532,0.9242354606156092,0.39382693135648505,0.3235352517106549
1,0.9549565726695632,5.755193059628543,0.7920789264366241,0.3259636987757064,0.9985489980449658
1,0.9659411425934407,5.673585654936462,0.8008088036613424,0.30219693120286545,0.9597346957478006
1,0.9603308247789116,4.867821358748778,0.8409619755024658,0.3429891020579778,0.7760874877810362
1,0.965969189483178,3.5770863880742914,0.864837411245252,0.37162469040178103,0.6359779753176932
1,0.9633563072729716,4.702040566959922,0.8545459479910354,0.34454178112835404,0.7166422287390031
1,0.9609628308885014,4.571923875855328,0.8377078728920797,0.3459992602757727,0.7778248717008799
1,0.9525072487907735,4.87503054740958,0.8278919441740704,0.3633846614079769,0.826567082111437
1,0.9568120732565646,4.6277034457478,0.7763290630302533,0.3279845941834178,1.0123449718963833
1,0.9668016943580596,4.9927297165200395,0.8236100474200133,0.3268726740833459,0.8478357160312807
1,0.9470127648682481,2.9857190860215055,0.8335527717788438,0.3859429326649578,0.7197236986803519
1,0.988512727008675,2.3335013440860215,0.8696470566603945,0.29357153874370306,0.5631987719941349
1,0.9695646567174795,2.8252840909090913,0.843686964770767,0.3484269232211,0.6775529997556207
1,0.9878585348023595,2.450177174975562,0.8623468516085415,0.29152401414373885,0.5937270894428153
1,0.9782115145016124,4.655272482893451,0.8387957257729688,0.28711138050880086,0.7812041788856305
1,0.9857001129435107,3.7138165933528833,0.8543281674121136,0.2781371303292651,0.685976447947214
1,0.9653205021396498,2.5779264418377323,0.8577150906945245,0.381696420214204,0.6171264051808407
1,0.9744444341320989,2.316165689149561,0.870044262601209,0.3928226158212168,0.5607511608015642
1,0.9740027069049141,2.3778103616813295,0.8656621683187148,0.35809464421215975,0.5783922898338221
1,0.9711074045995598,3.352150537634409,0.8264356631611824,0.33358190128050785,0.7680458822091888
1,0.97661564179151,3.0058345552297165,0.8396713452632996,0.31536177329685383,0.6981304985337243
1,0.9620094893800502,4.254200268817205,0.7693500780342674,0.33668994180662015,1.0066020588954059
1,0.9723873411656417,5.013486681329422,0.7327105922414534,0.2726719440649679,1.1731999938905178
1,0.9727523739866374,4.207859848484848,0.7961029412212748,0.28678703579722065,0.9103777187194527
1,0.9672899529305239,4.80325940860215,0.7879171507582482,0.29636598215349996,0.9657983565493646
1,0.9770424497046092,3.0261333088954054,0.8400503988432627,0.32072240947286984,0.6987529020039102
1,0.9765015585230346,5.1844299853372435,0.7322723394529392,0.2500052170966436,1.1867324963343109
1,0.9800056875157291,3.522513440860215,0.819831515263701,0.2857133650479425,0.795683651026393
1,0.9797351939656326,3.9897055229716516,0.8138670067834781,0.2764580908425709,0.8408556329423265
1,0.9851771055083511,3.283266129032258,0.8172495216227733,0.2795685944343119,0.7907349706744868
1,0.980288271894684,2.6302694281524923,0.8509882737914385,0.335298399627445,0.6409648399315738
1,0.9763586262986915,3.9443120723362664,0.784107915808814,0.32449322785732954,0.9389891862170087
1,0.9768239951471167,4.424731182795699,0.7904891670202252,0.27420875920953913,0.9413260630498533
1,0.980466893353805,3.389540566959922,0.8179159661138973,0.28560309276381857,0.7923387096774194
1,0.9840855998209411,3.7953476295210167,0.7908208484665169,0.2629327856329769,0.9079339259530794
1,0.967224117609668,5.739766617790813,0.7649053463554238,0.27169379015672823,1.0915276759530794
1,0.9765161504251815,3.5266831622678403,0.8052375347127481,0.30494392491123073,0.8448306146138808
1,0.9655513084615108,3.336678274682307,0.818893785388112,0.3679334944489217,0.7898070931085044
1,0.9574935450217776,6.638547776148581,0.7739854159423986,0.2965750529927259,1.0915162206744866
1,0.9730633553462018,5.388837976539589,0.7959496502875942,0.27636753343580456,0.957997311827957
1,0.9858115037573171,3.4948069403714563,0.8386337881304917,0.2690336594231107,0.7264937683284458
1,0.9844742857649824,3.361650782013685,0.8157208217494154,0.28333009168741613,0.8012432795698925
1,0.9730635148029132,3.0977517106549364,0.8261657737624906,0.3637757541681288,0.7500534579667644
1,0.9733687226357866,6.032930107526881,0.7840402614012814,0.2630747803482738,1.011783663245357
1,0.9827797190880634,3.5386882942326494,0.8304700932902426,0.28411274479877474,0.7555481732649072
1,0.9807902803951917,4.130895650048876,0.7812636252945635,0.26172056217462275,0.9619302908113392
1,0.9778912750097422,2.999465420332356,0.8326272688874455,0.32463771634772187,0.7229922715053764
1,0.9691780766593923,3.0208638807429122,0.8326251691366096,0.35140850881320795,0.723805596285435
1,0.9809401027180569,4.372082722385142,0.7734041333244993,0.25162558074722924,1.002898185483871
1,0.9599288554033062,2.0050555962854353,0.8836487475919973,0.44212688243432907,0.49664360337243396
1,0.9849652959678252,2.0957814027370483,0.882221295042394,0.35736612864777145,0.5076101234115347
1,0.981189509795046,3.7779814271749754,0.7923375729573683,0.26632320255734754,0.9021031891495601
1,0.9762428286524759,2.6865988514173997,0.8464489367995306,0.3455844317525866,0.6587128848973607
1,0.9883142110240045,1.9504215542521992,0.889179755519833,0.31623435673127953,0.47613483626588465
1,0.9796719499009877,2.9651759530791786,0.834793740930572,0.30937300520269045,0.7142366202346041
1,0.9717099583879012,3.901866446725318,0.789985087586573,0.3027918976722626,0.9183047715053765
1,0.9810571352027612,3.7442876344086016,0.801081582141119,0.2799854132782871,0.873419171554252
1,0.9923495736442346,2.2447305718475072,0.8713514453304988,0.26950074567799465,0.5513769244868036
1,0.9752526821645903,3.814271749755621,0.7905121112947717,0.2835533848184389,0.910297531769306
1,0.9743816631118201,2.774361559139785,0.8429385184789474,0.33071983399512295,0.6758117974095796
1,0.9810433217362564,3.2701307429130018,0.8198686177540527,0.28375362239616425,0.7819449535679375
1,0.9838032039652984,3.466428396871945,0.811181797936525,0.2655068248809371,0.8226875610948193
1,0.9828135791667153,3.1248778103616814,0.8464165312299642,0.30433330350665605,0.6814821603128055
1,0.9834830165115759,3.1800311583577714,0.844804609163072,0.2957586438370431,0.6885729777614858
1,0.980335669903621,2.94942876344086,0.8480912891036948,0.3300304328631146,0.6677167338709677
1,0.9825559258462107,3.32904142228739,0.8365326057535823,0.2934482873467294,0.7239010569403714
1,0.9850371449320594,3.463495845552298,0.8226129420290108,0.2716714704756548,0.7810208944281525
1,0.9870045164086819,3.4445259042033234,0.827821988240224,0.27773031339696885,0.7594773338220918
1,0.9835188316074738,2.5724737292277617,0.8628856466789555,0.3264461449954173,0.5981144611436952
1,0.9783113139127357,3.9080370234604107,0.7924881670905818,0.28473784663463414,0.9107519244868035
1,0.9807803790251268,3.395863880742914,0.8099286997915479,0.2826127317036817,0.8209387218963833
1,0.9581394211852259,3.5811033724340176,0.8017505070829225,0.34967699257905127,0.859184078690127
1,0.9513287745930061,3.4849248533724335,0.8071120627507421,0.36217813004333665,0.8360558712121211
1,0.9857808531822677,3.446251832844575,0.8122978663073176,0.2648699347090198,0.8170706561583578
1,0.982370086123384,1.9021719208211143,0.8905828837540134,0.3564479654166227,0.4683796126588465
1,0.9769626723279372,2.437316715542522,0.8601631107654242,0.3363089423064116,0.5991339809384164
1,0.9694637931527447,6.396978861192571,0.7963719909245734,0.2804338078453247,0.9916643756109481
1,0.966691410295703,6.592558651026394,0.7807888099324726,0.27167591012809394,1.0519229594330404
1,0.9700433421495472,6.681451612903226,0.7759703162838979,0.27528666014075953,1.0886180351906158
1,0.9815601942391382,6.114690249266863,0.7647884903279323,0.23962788635273322,1.1088060544965785
1,0.9883856508501444,4.418438416422287,0.8042758871129423,0.2379372453380108,0.8968184872922775
1,0.984205459692072,5.1004398826979465,0.7733090202748606,0.2351998602978695,1.0373289345063537
1,0.9783784042963145,3.4945472873900294,0.8098155557103796,0.29547833612430063,0.8286863086510264
1,0.9680773739088929,5.747876955034213,0.717385569383894,0.2579276566420829,1.272028500733138
1,0.9675924154957698,6.086754643206256,0.707989613128461,0.25172514211845237,1.3243447580645158
1,0.9747001918799145,6.090725806451614,0.7001866987815453,0.23702553416016994,1.3492179863147606
1,0.9765505451149543,4.560224217986314,0.7608561899413417,0.26495935283044586,1.0545996761974585
1,0.9810075980709326,4.126160801564028,0.777306621380059,0.25849421526847083,0.9729502688172045
1,0.9782219340617713,4.26009591886608,0.7744045157356753,0.26782691482639026,0.9915421859726296
1,0.9634231763836323,3.149178274682307,0.8526954723558396,0.3942912727287658,0.6552915750244379
1,0.9808416491531541,2.749282135874878,0.8389691878596931,0.34267516319298164,0.6852967680840665
1,0.9690187439594917,3.556176686217009,0.8217721759163148,0.3176372515372115,0.7840679985337243
1,0.9803215010628871,3.539100684261975,0.7943281892048496,0.2867071663204971,0.8775507086999021
1,0.9654493949845909,2.928457966764418,0.8531834399706326,0.40791734544591135,0.6454438538611926
1,0.9878530571628027,3.2902614858260018,0.8117096623952279,0.2715624882363597,0.8059017595307918
1,0.9762054946210904,3.3007086999022484,0.8363642218343338,0.3105621607279671,0.7217436461388075
1,0.9831292847892628,3.2347262952101654,0.8118024369658202,0.29421623272346575,0.8026179130009774
1,0.9565244504625574,4.529967008797653,0.8005053058039586,0.3463621742520056,0.8965741080156403
1,0.9853886312401,3.5798356549364616,0.7926670230644929,0.2620867468718742,0.8855884958455524
1,0.9660603954145022,3.847873900293256,0.8106010811513407,0.34295933986623733,0.8356091153470188
1,0.9858681394405338,3.770084921798632,0.7823662530597933,0.2508409511322445,0.9306077407135877
1,0.9712049288546428,4.288260630498534,0.8113425355467978,0.31817898860592764,0.8500618585043987
1,0.9874694806181767,3.2331836510263923,0.813338010914362,0.270139650160033,0.7981159885141739
1,0.972149594111036,3.645039100684262,0.8111321567815318,0.3282283168820544,0.8259714076246336
1,0.9845574688166547,3.41268022971652,0.8022129198393265,0.27871880011153655,0.8446320564516129
1,0.9595494973671286,4.684032869012708,0.7629733361272859,0.3022935732523029,1.0414108321114368
1,0.9834138456254123,3.325024437927664,0.8085958719441434,0.29223559566189145,0.8189073191593351
1,0.9613273532820775,5.305519916911046,0.7300495305564846,0.2789558838202934,1.1897032319159335
1,0.9847639598852396,3.495234604105572,0.7995180871076638,0.277328531959995,0.8586953201368525
1,0.9638910485603892,4.344391495601172,0.7766554088754911,0.3066189028624809,0.9779829545454541
1,0.9871317778902449,3.3804527126099706,0.80610124304476,0.27180478133650626,0.83019840542522
1,0.9706709100597273,4.588877688172043,0.763697653962168,0.28261905128188536,1.0361337671065494
1,0.9888370382997469,3.4109390273704787,0.8039170481222071,0.2595227226367753,0.8390418804985338
1,0.9555527712773825,4.688523338220919,0.7540401521739554,0.31812989016819654,1.0755475623167157
1,0.9844976747681901,2.9492760263929623,0.8290355344305506,0.2964209823187834,0.7300487231182796
1,0.9602151530585826,4.705660434995113,0.7500245229436114,0.30618226896748973,1.0919667949657867
1,0.9773331555327879,3.480006720430108,0.8009581392824903,0.32461897066884443,0.8534678946725318
1,0.9757185778189995,4.782914833822093,0.7452475002213186,0.2598553329048424,1.1116698741446729
1,0.9914169717139305,3.1107954545454546,0.8197759239549955,0.24253872355041578,0.7697336265884653
1,0.95677236826602,4.745876099706744,0.7508071583921613,0.30747233541783964,1.0897330156402736
1,0.9894193697200421,3.310514418377322,0.8083583317628702,0.2515851657160507,0.8186858504398826
1,0.9803900081481847,4.121166300097751,0.7953724249161812,0.27708160681164795,0.9013738697458457
1,0.9880365054659224,3.0829362170087977,0.8230401403439217,0.262385052693126,0.7576521260997069
1,0.9687330336468666,4.221010508308896,0.7899255202459723,0.31494808467473717,0.9259836265884653
1,0.9880222301146987,3.368875244379277,0.8074403930605222,0.2531491474876827,0.8254024621212123
1,0.9813543781848885,4.0960563294232655,0.7903901073595805,0.2641809016675935,0.9183429557673511
1,0.9914921214105072,3.200986681329423,0.8161023419887127,0.2349691676027778,0.7873174792277614
1,0.9749199009400675,3.8721285434995107,0.8052936169477504,0.2950446629470048,0.8532655180840665
1,0.9930022564536185,2.971102150537635,0.8278253413035526,0.2317976775440898,0.7352837854349953
1,0.9763249943347293,2.859344452590421,0.8469703591353053,0.35072276569443017,0.6630735276148585
1,0.9871773939366353,3.474477639296188,0.8022568843444282,0.2553134435981824,0.8490385202834799
1,0.9739855904318582,3.249663978494624,0.8230795331845707,0.3490767799596144,0.7640976295210167
1,0.9841461788586416,3.714244257087,0.7900675668280447,0.26233557044083716,0.9031074352394918
1,0.983469514664007,3.0445839442815252,0.8297564255927322,0.30033025130851904,0.7315913673020528
1,0.9921675452433497,3.6116355083088956,0.7974925414382671,0.2271388321556047,0.8721934567448681
1,0.9656659624940717,3.2135874877810364,0.8225729858624532,0.37311422442468223,0.7648994990224828
1,0.988826715182499,3.577712609970675,0.7941389663303409,0.2383633506390746,0.8811171187683284
1,0.9705017892010996,6.268297898338221,0.7111172933574154,0.246501643191219,1.2939119012707725
1,0.9868861010791861,3.1102150537634405,0.820686215788617,0.27370759666299743,0.7670530913978495
1,0.9627358634187628,5.8817662512218964,0.7247339644908156,0.266946340015615,1.2256117118768328
1,0.9856872258939039,3.539161779081134,0.7983299677467541,0.26656032396347246,0.8654539345063539
1,0.9791987363824652,5.845124633431086,0.7243052561522529,0.23097339821964813,1.229601967253177
1,0.9913833402478536,3.1556390518084063,0.8178563223750881,0.24075237964826784,0.7786534701857283
1,0.9708170869500881,5.48717008797654,0.732746988689868,0.25813540520562045,1.1838037634408602
1,0.9881142719325525,3.2549181329423265,0.8114309970003387,0.25488640978495725,0.8053748167155426
1,0.9830410397589081,3.4043866080156406,0.8141364302860411,0.2897853894634793,0.8055351906158358
1,0.9875585968634738,2.377306329423265,0.861454877784418,0.30578787136699254,0.5905005193059631
1,0.9860610015425206,3.576658724340176,0.810902671386801,0.2670040179218134,0.8229052113880744
1,0.9863262022536484,3.1625733137829912,0.8179408106660396,0.26983855510101934,0.7791345918866082
1,0.9848782328654399,3.46233504398827,0.8103248535393663,0.2792225807128325,0.8206103372434017
1,0.988990219513316,2.544767228739003,0.8522158744595336,0.27711356686161226,0.6306321786412513
1,0.9885393559175857,3.868417033235582,0.790139010396097,0.23871991010087248,0.9082317631964811
1,0.9835974460048232,3.0469971896383186,0.8251053582968538,0.29377558427669903,0.7491714015151515
1,0.9713680642247225,6.006750977517106,0.7702550435503571,0.2797947279447353,1.0743065738025415
1,0.966440446476485,5.144458699902248,0.7410062235109518,0.284826557604678,1.1558299731182797
1,0.950736383339415,6.380467986314762,0.7815704610551466,0.31748606709488225,1.0381155303030305
1,0.9774854252383798,5.148414589442816,0.7333028106057627,0.2422719961918566,1.1795003971163247
1,0.967993629899815,5.868691959921798,0.780874278436303,0.2964897084663011,1.029543163489736
1,0.9796971475244198,3.724111070381232,0.7939917401756219,0.28626845305298854,0.8922172837243404
1,0.9765256900441636,5.746013563049854,0.7874100938471238,0.2632659416532645,1.0003551136363638
1,0.9695114837826481,4.005773460410557,0.7786942112063872,0.3084173393438398,0.9596621456500489
1,0.9669483073436901,5.786351417399804,0.7414373301347725,0.26420223595472886,1.1742576979472141
1,0.97795090797527,5.6627413245356815,0.6974991445128887,0.2328733064725662,1.3268916483382212
1,0.9701581493183978,5.6975348240469215,0.7465739903982634,0.2590008253711247,1.1475172592864127
1,0.9729753874357308,6.81815127077224,0.6534237403425669,0.22245635019398044,1.5449505131964814
1,0.9751231941067311,4.910373900293254,0.7563979090837207,0.25951278390825155,1.082424547898338
1,0.9803389052945634,4.8286748533724335,0.7324332216321966,0.25207637702909697,1.1593620173509287
1,0.9764158286533821,5.022101050830891,0.7595346509364981,0.2551255498230145,1.0740660129521018
1,0.9838086235708474,5.189027370478984,0.715906324786183,0.22202819858196443,1.235856549364614
1,0.9636298154862443,7.71419843597263,0.6830575880821835,0.2371096218106407,1.467199718963832
1,0.9722149112732948,5.99558589931574,0.6890229739240349,0.24107140053129525,1.3771345002443796
1,0.9706618929589359,6.088450024437927,0.74206878804967,0.25141115450671103,1.1723828506842617
1,0.976616197634334,5.194617546432062,0.718295503794608,0.24738067873975844,1.229159029814272
1,0.9737706780529306,5.944327346041056,0.7582439098515509,0.25878863298391747,1.1068662939882696
1,0.9811719827153466,5.021047165200391,0.7266732825724534,0.24677740603947448,1.1913184261974585
1,0.9767517933256569,6.174746456500488,0.7218995340409755,0.229275856896014,1.251332630742913
1,0.9760861346020314,5.283250855327468,0.7158101624723425,0.23876974268769938,1.2435812255620724
1,0.9793263380125858,3.6283143939393927,0.7971924327671959,0.2924676210326727,0.8752329239980449
1,0.9737472005520119,5.709020650048875,0.7082249526149355,0.23704050913415242,1.2963289650537635
1,0.9743051171642649,3.589335899315738,0.7991185728212452,0.3253661610903546,0.86557994257087
1,0.9783860922780214,4.676396016617791,0.7428128777401225,0.24832333679783108,1.1168094758064517
1,0.9877272337017752,3.1442448680351904,0.8204129033840218,0.26654825160211804,0.7700620112414469
1,0.9744224813383335,5.119608382209189,0.7293250836500415,0.25817723883118665,1.189878879521017
1,0.9896236318526365,3.009500244379277,0.8254629450627455,0.25825815267804253,0.7451887829912022
1,0.9772757071734095,4.846590909090908,0.7368125604352458,0.24492240873325108,1.1471697825024436
1,0.9753684880582837,4.761837121212122,0.7612632387301677,0.2686000031980836,1.0530417583088958
1,0.982892203621523,4.370692815249267,0.7771095022445816,0.24538138054345843,0.9778531280547409
1,0.984632612473769,3.9283510508308894,0.7922731464111401,0.2574088859447261,0.9053984909579668
1,0.985821981364092,3.9137646627565976,0.7926759506971546,0.24589589330511089,0.9033861803519061
1,0.9757849795846621,5.396841397849462,0.7125111821118828,0.2482098262318919,1.2609894305962854
1,0.9779565046688707,4.702575146627565,0.7382081695923214,0.2489905397614977,1.1323275598729223
1,0.9700104824035166,5.09648399315738,0.7222759961679294,0.27038338251829563,1.2098721590909092
1,0.9788855931127397,5.140961021505377,0.7231360409767179,0.2408516485668775,1.2101699963343109
1,0.9625970548465809,8.693838587487782,0.7245097619517713,0.2481817216871337,1.3189264112903225
1,0.9659906711614129,7.54336204789834,0.7254676269036118,0.2467877838595823,1.2885164650537637
1,0.970027559149865,6.689852150537632,0.7353582451725053,0.24770053483601664,1.22101814516129
1,0.9814839396299725,6.651560972629521,0.7114767670315023,0.21646961139492713,1.3167346346529816
1,0.9705288257961672,7.264952956989247,0.646907202943618,0.21637724224173016,1.5963885325024438
1,0.9755598236138441,6.7536504154447705,0.6614093447352821,0.21223168397299189,1.5149567754154445
1,0.9724670453267361,5.683146994134898,0.7001093997249049,0.2437943312304445,1.3197511913489735
1,0.9792095695631698,5.424547898338223,0.7048830255217465,0.22825072182278525,1.286236864613881
2,0.9632998536729922,19.744226539589448,0.5720600784140023,0.16220465701794,2.525033602150538
2,0.9594692558511825,24.178381598240474,0.4746727918455048,0.133842478034164,3.1927579728739013
2,0.9541579442419453,27.25407807917888,0.5241476432024942,0.14370140213979923,3.041227547653958
2,0.9680831124653456,14.345643939393943,0.5517169518203037,0.1623603434140664,2.3740530303030307
2,0.9739074938694106,12.776942815249264,0.6050911293245702,0.18028588384162494,2.0826918377321597
2,0.974918106995509,12.365301197458455,0.5756090520627521,0.16412025557366727,2.1681825818670575
2,0.9718107484873464,12.576124144672535,0.5667978959887441,0.16730782767399888,2.21371731427175
2,0.9865429807441923,5.6152095552297165,0.7246746094076862,0.2048882137012181,1.2412519855816226
2,0.9668270876840844,15.272528714565007,0.5338028902263352,0.1573458637669189,2.48416498655914
2,0.96129834137005,19.94971896383187,0.5044476280315026,0.15088499132616753,2.852540017106549
2,0.9714019575877196,8.420882209188662,0.6281214795912133,0.20979637004120283,1.7397818914956016
2,0.9491650768482066,13.888349217986319,0.5458466902357394,0.19342597762448985,2.358114919354839
2,0.9743968800938971,8.708699902248288,0.6218879676443008,0.20022301057897457,1.7782563538611924
2,0.9642628950066461,18.089320625610952,0.49649803748043786,0.14719938970823956,2.7779585166177916
2,0.9572198235420437,10.39780364125122,0.5793907288146164,0.21570542641497598,2.0285350989736073
2,0.9624184468057193,9.606045332355816,0.6106551898905934,0.22121052776991704,1.873186247556207
2,0.9441503836373785,12.867042399804498,0.5389769197148322,0.20921829757558794,2.323309964565005
2,0.9772188894874123,6.743890518084067,0.6737430511755579,0.21958186412840097,1.4782731549364616
2,0.9794377911884934,11.374648704789834,0.5633558868579664,0.16134366123566685,2.1474561644672536
2,0.9894296094771399,5.165383675464321,0.7313370281244704,0.19973014978254972,1.1882255009775173
2,0.984757545126339,7.7531311094819175,0.6492899181713649,0.18967523893079824,1.6245990652492672
2,0.9760471751622978,10.48998044965787,0.5755594716252951,0.1762657430579403,2.04821144916911
2,0.9651454747451792,18.164696358748778,0.46990974512342326,0.15165693334074332,2.8931642534213102
2,0.9587863491202385,14.855190004887582,0.5036779141139834,0.1762140070192193,2.5741194709188657
2,0.9633379108278508,14.500656769305966,0.5073825284847389,0.16699032334299718,2.536836357526882
2,0.9563080872980758,14.02654569892473,0.5164309675356622,0.17619358509103042,2.4767152370478986
2,0.9671012648190421,5.566379521016619,0.7177942959419291,0.27412437741699797,1.2588052908113396
2,0.9584740926066582,12.045958577712613,0.5430237672905,0.18903706754286265,2.259649163000978
2,0.9750442661013448,8.019733626588465,0.6386988830940421,0.2032531741767188,1.6799395161290323
2,0.9740071826594844,4.071496212121213,0.7824758229607645,0.3024994974067459,0.9536557612414467
2,0.9663595702851259,9.725898093841643,0.6461179737626421,0.21095135093626316,1.7619516739980452
2,0.9743989882729579,9.99155364125122,0.6330628470999279,0.1844393617785467,1.8259828629032258
2,0.9833092174949026,5.242592253176931,0.7374770073070189,0.25594982819925927,1.1756819709188662
2,0.9828749073394557,8.475623167155426,0.6610458895121791,0.18096866137947784,1.6333318059628548
2,0.986325857584921,5.695824169110461,0.7231611836533454,0.21461298563151093,1.249591428396872
2,0.9823055967832864,9.62254093352884,0.6433008442823804,0.1714061155256825,1.7576941287878793
2,0.9811790115658646,10.371960532746822,0.6779239677274381,0.19050246754322095,1.6849225623167154
2,0.9677172504469088,10.87602333822092,0.6233869624820771,0.19519459347851095,1.9074528042521997
2,0.9539880260952499,14.512906280547408,0.5814036232424827,0.19979678978160045,2.257900323802541
2,0.9486758333595153,14.855663489736065,0.5785321662312061,0.1952586160384781,2.281211815738025
2,0.9703141116367753,7.581256109481913,0.6780691580570395,0.2219391836850914,1.5225898093841639
2,0.974921863957108,10.979349951124144,0.606700097405021,0.18102731912055928,1.9755467986314759
2,0.9634213646854141,10.78668743890518,0.6220326218429282,0.20258901365765875,1.9089458088954057
2,0.9720046145606511,9.627397971652004,0.6289879744199298,0.19708353599224257,1.8158182123655917
2,0.9374696328048705,12.54696664222874,0.5331629825448154,0.2089626023354512,2.326143236803519
2,0.9166427888480658,16.13126221896383,0.5116920148050602,0.20623160942954916,2.6175006109481913
2,0.9462073227998355,16.679038367546436,0.482411518955007,0.17355632217713549,2.7587136485826003
2,0.9690872833090818,7.322107160312805,0.6514487938869087,0.22362517440982238,1.58891205400782
2,0.9790913572190805,5.945625610948191,0.710187644825851,0.23079982183136055,1.308719758064516
2,0.933012505160686,11.724599828934506,0.5680231720825545,0.2273356064484143,2.1561087182306937
2,0.9640670408970746,13.726829789833822,0.5105881697952048,0.16692043142542226,2.478513715786901
2,0.949036709786963,16.179634042033236,0.5723379450785891,0.21001859352342203,2.3839389357282506
2,0.9714288171762824,12.758033968719452,0.5608214425166966,0.17622841875025688,2.245112414467253
2,0.9509147741266691,16.154218597262954,0.5766955311580405,0.20398035293721045,2.371223576490714
2,0.9649841354088206,14.689363391984362,0.5563552429695353,0.1771111724127784,2.3737628299120233
2,0.9637712654080817,15.754016984359728,0.5353122960937078,0.1683081718006947,2.5131850256598245
2,0.9735498606208108,13.43444525904203,0.5496282395974966,0.162717299994492,2.325604838709677
2,0.9514795726345568,15.649331011730206,0.5763218383638252,0.21189763014654103,2.339965939638319
2,0.9749189772506213,12.402920332355817,0.5908744613096707,0.18413097614364232,2.1145833333333335
2,0.9789101886881394,15.824917521994134,0.5624236497620493,0.15577095062736426,2.412668774437928
2,0.969688960521397,19.641953812316718,0.4852216381348726,0.14294366945376552,2.905906341642229
2,0.9760012182443353,15.378008919843596,0.5367739685606232,0.1610433333898891,2.4728929924242427
2,0.9661380907887845,22.090924364613883,0.45905293520029145,0.13428306052711192,3.138345399560117
2,0.9644757255980956,21.87244929130009,0.4653399554005816,0.13540464576447606,3.0982595613391974
2,0.9680772868574626,18.93111559139785,0.49165003011287123,0.14233197374849446,2.843910373900293
2,0.9666634454735072,20.469788611925708,0.4792407124836667,0.13983618555538746,2.9723851417399803
2,0.9727922957653787,15.758018695014663,0.525594101173558,0.15412017671068787,2.538180443548387
2,0.9696858187367855,17.943716397849464,0.5143723005429921,0.14310782813843936,2.6911924181329425
2,0.9635897081982163,18.316455889540567,0.5356590586867485,0.15970027787662733,2.6066753726783967
2,0.9719887186675636,16.181283602150543,0.5160783362757811,0.15102273109284636,2.59677037512219
2,0.9618215527516104,21.196358748778103,0.5382577103965477,0.17066128482731038,2.738567631964809
2,0.9583123398872506,14.51628176930596,0.5357774080091814,0.17203188597501645,2.431207233626588
2,0.9653913686979413,12.287939882697946,0.581032535060053,0.18024871513550592,2.1331332478005867
2,0.9764398315065023,8.934934017595308,0.6300212126299842,0.18980528886869102,1.7630513807429127
2,0.9565684344929769,15.354166666666666,0.5406499337613127,0.17187571300422017,2.459837793255132
2,0.9799463781263558,7.081989247311828,0.6799758936778509,0.21475628013394107,1.4813202590420331
2,0.9837202455935424,6.386577468230693,0.6961321815223802,0.2024153527296061,1.3814836876832843
2,0.9836541067154686,6.2032471896383194,0.6978799114438817,0.20336725567933878,1.363823466520039
2,0.94687132627809,17.61577468230694,0.4913170970988109,0.17228309059925906,2.778256353861193
2,0.9703480441032197,9.216199291300098,0.6206213061617184,0.21038715395481408,1.8165589870478984
2,0.9548440099135767,15.449062194525908,0.5189827997398054,0.17607925508431213,2.5544240285923756
2,0.9456041970875008,10.8862719941349,0.5891781025791845,0.23390973049031463,2.028134164222874
2,0.9411165448549529,15.052602639296182,0.5353918951417814,0.1998002473359583,2.4613346163245353
2,0.9292400585365259,14.804328567937441,0.5286802899600465,0.21420131031419107,2.4790253848973607
2,0.9613571215307699,8.8538153714565,0.6230696986759221,0.22396411198975918,1.7829110153958947
2,0.9549936889277766,11.417170698924732,0.5702425076351826,0.2078698906258782,2.1244921493157385
2,0.9618639123216659,7.605785679374389,0.6855777191696613,0.26944462520670587,1.4986482771260998
2,0.9634417537925117,6.879139173998045,0.6994137936019263,0.2571020182001354,1.4036954728739004
2,0.9680465333251277,8.009576612903226,0.6447060666579169,0.2246780388141801,1.6551464748289346
2,0.9567755254064219,11.792063782991203,0.5594501197029339,0.19577558455707553,2.190195808895406
2,0.9435867398666374,10.561323924731184,0.5884570446643261,0.22991721047164526,2.0101379215542523
2,0.9486796781460697,8.77469758064516,0.6267285930737517,0.25208285651444745,1.766972904447703
2,0.9420425422070788,10.669538123167156,0.5873224099348079,0.23131501200684992,2.019657258064516
2,0.9602561994641774,10.888074291300097,0.5794082875904051,0.2001804940649784,2.0638517228739
2,0.9700983608127538,7.049120234604105,0.6696419548686131,0.2427249719940474,1.513135386119257
2,0.9798742275875088,9.877000855327468,0.6127517942570317,0.16913189112646976,1.8806321786412514
2,0.9845302178869454,5.668957722385142,0.7245322493733831,0.2098238363299633,1.242454789833822
2,0.9810215087758717,7.207691837732161,0.6713311684816459,0.19324539617068287,1.5170683651026393
2,0.9706297254624735,11.906036168132943,0.58023081535908,0.17160445306639516,2.1127046676441834
2,0.983955226734702,6.429802052785924,0.697830100089848,0.1980968917203917,1.3793911901270772
2,0.9790256898760923,9.807459677419356,0.6042457534888905,0.1716919017932943,1.9031418010752688
2,0.968747294942823,11.43937866568915,0.6254478582683687,0.19127715898635878,1.9112865041544476
2,0.941699060682107,14.225058040078201,0.5174587794000362,0.1872869752031821,2.484042796920821
2,0.92515176871538,17.36617179863147,0.4760071619184337,0.1807887313232381,2.8198084677419346
2,0.9363998675180866,14.703124999999996,0.5066925125076104,0.19150806991692695,2.5520718780547407
2,0.9410527239649183,12.210120356793745,0.5466139674757451,0.20943898383831952,2.2576559445259043
2,0.934865969723062,15.265686094819161,0.49865926316261905,0.18907302864085931,2.6129223179374392
2,0.9622280929436926,10.090863269794722,0.6034194565231433,0.2192668380257193,1.9263616507820136
2,0.9636373365335796,9.022757820136853,0.6273498956210494,0.22391544721094228,1.7796386241446724
2,0.9281422982700345,16.99726600684262,0.48274179161436287,0.18228131119975607,2.7675227578201365
2,0.9373098143153143,13.303198313782989,0.5553617640356667,0.20671350423755136,2.292808376099706
2,0.9757520707909809,6.258583822091887,0.7275155713504531,0.2481799921852468,1.2733764051808405
2,0.9620538871583969,11.721713098729227,0.6426511030537909,0.20295205560062382,1.867966458944282
2,0.9694275572091787,10.692677785923753,0.6090430156747683,0.18721888826254876,1.9538084982893449
2,0.9745743774257277,8.223561217008797,0.651442350582928,0.19991172566461837,1.6516793438416424
2,0.9806289778108418,6.480938416422287,0.7049225205763546,0.21437457179025693,1.35984084799609
2,0.9761819565904006,7.256369134897362,0.6903260792604742,0.22165996677968258,1.4563592069892475
2,0.98434190766919,5.018221529814272,0.7399554384105038,0.22848742426728935,1.1516335227272727
2,0.9778212682181,8.106320259042032,0.6572153750248927,0.19795639772052273,1.6260347934995114
2,0.960800255219072,5.432077834799609,0.7302927024516181,0.27912021640597084,1.2048929313294232
2,0.9614161059534998,5.055397727272726,0.7537278083875388,0.3111203303100704,1.1038421004398822
2,0.9551309397146315,4.519458699902249,0.7686532382079526,0.32398207529923867,1.0246823069403714
2,0.9633301334308922,2.6517289833822093,0.8529383585322367,0.41487195166825713,0.6358748778103617
2,0.9642002067772075,6.513074291300098,0.7084444097626305,0.27023075880519065,1.34786626344086
2,0.9639210045507136,4.110337243401761,0.7859797861118885,0.31888702337387115,0.9434491080156403
2,0.9672680121936493,4.922852517106551,0.7591465745358983,0.29065735031152606,1.0793888990713587
2,0.9743980497412488,7.4807856793743905,0.6926418657217742,0.23048991761339774,1.4491767473118284
2,0.9584048566792177,4.538718841642229,0.7757257461482852,0.3192939515614013,1.0033793071847508
2,0.9781747335347648,4.386882942326492,0.7729030361213404,0.2853696239324061,1.0033754887585533
2,0.9645151632199092,17.464839931573803,0.48427821184030595,0.15150773847443702,2.7924532624633427
2,0.9741564100126231,12.736482771260997,0.5561113143392885,0.17284172693663785,2.2579614186217007
2,0.9398630479377442,31.72116324535679,0.42169127607503154,0.1293867361506756,3.6972140762463344
2,0.9481306159044323,28.868936339198427,0.40775393310584407,0.1296289824107564,3.688236956256109
2,0.9674705123065808,19.583119501466275,0.4635483647479107,0.13963492087810622,2.9939057917888565
2,0.941280252831848,21.209035923753667,0.4875210029391661,0.17540109278472735,2.958020222385142
2,0.9302795251938324,25.14583333333334,0.4763353947924389,0.17131666778218896,3.17185972629521
2,0.9660282908689773,12.65263013196481,0.5548206735009956,0.1861444511865049,2.2579996028836753
2,0.9700003391131785,11.766892717497557,0.5770180121536702,0.19021778672151168,2.1225867546432062
2,0.9511689114838529,20.12252565982405,0.47880347337813267,0.16461315367831927,2.9506888440860215
2,0.9621127707752753,14.279172776148581,0.540404459461141,0.18288852727008575,2.4026759530791786
2,0.9422562818154705,24.172547043010752,0.4665184596343003,0.16217841506974895,3.1841283296676446
2,0.9738889979968431,9.745692815249267,0.632653347017006,0.20246229848982214,1.803679435483871
2,0.9538626997063939,19.15146933040078,0.48857774814353394,0.16127815281039787,2.8519405241935485
2,0.9539699170055826,19.61336143695015,0.4918252377496522,0.15791413827649156,2.8612002077223857
2,0.9606403427059795,15.282884286412509,0.5332482516962702,0.178709509871583,2.4694105877321597
2,0.9594580486176821,14.247327101661782,0.5394962112297538,0.16967046616550935,2.4077506414956016
2,0.9688216414064327,11.314180107526882,0.581091457116206,0.1773708096636495,2.0833409701857284
2,0.9892673293787929,5.809216153470186,0.7094425741582969,0.19574861840449503,1.3020566043499513
2,0.9825987047948497,7.9337732160312795,0.6447939376811631,0.17942748170572412,1.6535312805474096
2,0.9849897340705988,6.736559139784946,0.6781401498410269,0.20236828937469029,1.464962121212121
2,0.9818041375339032,8.938966275659826,0.6196394206150003,0.17198537349683554,1.8037481671554254
2,0.9576397830927508,10.989842986314763,0.6029963706694219,0.21229384777000004,1.984172623411535
2,0.9581545979786318,16.06216397849462,0.5287364871693327,0.17278715354678445,2.553045576735093
2,0.9570288484577255,16.106854838709676,0.5298519547679736,0.17426600592826189,2.549532624633431
2,0.9682150888540086,15.548326001955036,0.5169030361170625,0.1575135145328732,2.5626145527859245
2,0.9625059350192988,20.38579850928641,0.49533883296757164,0.14184932430778815,2.9116683467741935
2,0.9504487051520432,20.93294843597263,0.538890313789233,0.16376404055869073,2.7314500855327477
2,0.9750459898887734,9.313767717497557,0.6203913876788664,0.18549339965209924,1.8278462548875856
2,0.9734104211854031,14.053228861192572,0.545582219545985,0.15211828003006073,2.377684353616813
2,0.9555593158583109,12.530700146627565,0.5678975019275672,0.19021892800917234,2.201032502443793
2,0.9782785058353772,10.001282991202348,0.6063937188685292,0.17105574737765525,1.918598790322581
2,0.9653451794258476,13.867806085043991,0.5445784656545303,0.16477592509731606,2.369108168377322
2,0.9687812331284447,12.938767717497557,0.5609092415419062,0.16716594965970422,2.2561973057184757
2,0.9673804804884512,11.167873289345064,0.5980379776974191,0.18830165433666834,2.014315279814272
2,0.9493499340270931,17.11582050342131,0.5126712943898925,0.1768022444618392,2.6663726478494616
2,0.9756064700130563,10.791620845552297,0.6200543353463321,0.17549370058810373,1.9198626893939394
2,0.9622110112827411,18.914803274682306,0.49589413584093156,0.14423331076746795,2.8407028958944287
2,0.9463927042905929,7.24732710166178,0.6737883976133587,0.29469491350167965,1.5158044660312804
2,0.937899050558565,8.748625366568914,0.662938884239156,0.2808280738785415,1.6510416666666665
2,0.9489475727908981,9.358000366568916,0.6232080083460863,0.24995118940509087,1.8223782685728251
2,0.9441387993357393,9.934597996089932,0.6022048022607088,0.24668012414528423,1.9268695014662756
2,0.8965140696058028,11.478815371456502,0.5754792056896957,0.28911381555796356,2.1165345491202348
2,0.9370495916794808,12.838572214076246,0.5643371684208917,0.21651534117009874,2.2398009836265884
2,0.9492921202887906,11.42387585532747,0.5871102867954611,0.2179417933531044,2.0739781891495603
2,0.9597288888826878,28.275247434017594,0.41747495554826225,0.11903397739471344,3.6288375183284454
2,0.9685395069674168,20.556680718475075,0.4665108010104849,0.13142162146696693,3.0381040750244384
2,0.9717386911764224,17.616080156402738,0.4914874957733476,0.13813714578125091,2.7812881842619745
2,0.9666600039128589,24.379246089931566,0.45037885356354607,0.12414657904914131,3.297088831867057
2,0.9619493337116112,18.28821480938417,0.5366587950276538,0.16069228704346106,2.618142106549365
2,0.9699447297246175,17.112994868035187,0.5046617327293307,0.14247229119784993,2.6931665444770285
2,0.9738456712985983,24.643633919843598,0.45539071652690427,0.1163081766921902,3.263998350439883
2,0.9871286633247341,12.238025415444769,0.6015270385758272,0.14363774132930907,2.053435056207234
2,0.9721534708020804,25.44238758553275,0.44727420794168665,0.11570710924422078,3.338999877810362
2,0.9745140908620534,24.5009011485826,0.4766583815633894,0.12134648255681967,3.156276728983382
2,0.9796015710785264,16.682688782991203,0.5121722715411215,0.1311538427590928,2.6368485764907135
2,0.9815560510901017,16.171538978494624,0.5126209234550239,0.13009584499202656,2.604659243646139
2,0.9494958088955667,15.703903958944279,0.5301781459077217,0.18555365614940675,2.5267595307917885
2,0.9588470856149818,13.435804618768328,0.5422013987128785,0.18037184080919996,2.3524751038611926
2,0.9611745944364007,12.15064455034213,0.5707152358038953,0.1931844008484507,2.1719933712121215
2,0.9573603668932904,13.792231793743891,0.5531010715122205,0.18583375731365354,2.32791498655914
2,0.9457128281348891,22.25079423264907,0.4835511731323198,0.15966944241265463,3.03082997311828
2,0.9514586992148116,21.59404020039101,0.4686316891270865,0.15090504980229746,3.076922195747801
2,0.9524689111544153,20.944709188660802,0.47359471317260243,0.151895149348938,3.0244684750733137
2,0.9509913194315817,19.53381598240469,0.4871315327003772,0.1603481483660675,2.8861803519061584
2,0.9547266597021048,20.302327712609973,0.47602492842430605,0.14898542575470095,2.9791055718475072
2,0.9460309751181554,22.82820136852395,0.45933958834570154,0.1495324761045733,3.174074413489736
2,0.9419851365055758,24.479701246334315,0.4444920614558403,0.1470918351750153,3.316413886852395
2,0.9642547606032134,17.42450207722385,0.5100110945083577,0.15119692111097066,2.689611589687195
2,0.9538996848375014,19.978723729227763,0.4998516904676647,0.1568644704131908,2.8525438355327464
2,0.9376893173900869,24.929557673509287,0.44084536465530005,0.14862418785316497,3.349210349462366
2,0.9426613282756717,25.31433284457477,0.4528485188973262,0.14765407514767578,3.3122327101661777
2,0.9748520034268091,10.379841764418378,0.6066252197397793,0.18282639036510293,1.9345789039589447
2,0.9576041643310066,17.16440615835777,0.5086615734579158,0.16314673479924174,2.683910679374389
2,0.9803617890493312,8.080461876832844,0.6649085883946197,0.20251430705741247,1.5930474095796676
2,0.9711909843426162,9.581943426197459,0.619421065784636,0.20724500597890108,1.8405539772727277
2,0.9627262236025169,13.11209371945259,0.5421872570308347,0.17567889801679779,2.3279302602639294
2,0.9690145158232696,10.778577101661783,0.5913721304081071,0.19581913477429114,2.0099699108015643
2,0.9827381988003181,8.83814455034213,0.6413227372428555,0.18968957303495107,1.7231526454056696
2,0.9752069670613596,9.456699046920821,0.6336904958589253,0.20057742361586198,1.787103647360704
2,0.9830848664746908,7.506918988269796,0.6791690311120151,0.2185602986305051,1.5127879093352885
2,0.9889214281750944,5.0710990957966775,0.7499865776055615,0.23166028947314954,1.1236597324046922
2,0.9803860178096971,9.195289589442813,0.6376238338462153,0.19266658762697628,1.7565447825024438
2,0.9772645004395797,9.336678274682308,0.6336532808415505,0.20025459933932535,1.7774812133431084
2,0.9883159030470976,4.732129765395895,0.7662131104563642,0.23836226025176133,1.0495555351906158
2,0.9785630100123143,9.437102883675466,0.6356001636298264,0.19725710286235856,1.7790124022482896
2,0.9799842521198201,9.021001344086022,0.6390322639007127,0.1961572836580572,1.7373495540078199
2,0.9851492949681233,7.872143817204299,0.6649886342918852,0.18300759054438923,1.58200070259042
2,0.9686713507923076,15.22876955034213,0.5352949082761808,0.15630066127092668,2.4787237292277613
2,0.972464007531032,8.25178702346041,0.6473065078746518,0.22678552532917934,1.6677778286901273
2,0.961533420774253,13.558452468230692,0.5490117404985854,0.16915801139726433,2.331244654203324
2,0.9738215309764306,9.269855816226784,0.6232879907414022,0.19397476312133843,1.8128971163245358
2,0.9681928874925203,10.194984115347019,0.6041636726842027,0.2007755877590403,1.9363468352883675
2,0.9476079467279782,11.864155669599217,0.5782664070957267,0.22574080836944188,2.128596957478006
2,0.9656161555802042,10.559689638318671,0.5986855293499032,0.20224071846502656,1.9771276270772238
2,0.9543951380835591,27.732175586510262,0.43779594031720476,0.1272962841122422,3.497720399560117
2,0.9547241086744969,24.08576185239492,0.4505318987631959,0.1356556402967557,3.267049272971653
2,0.9551914955458567,23.11663000977517,0.45262807669639693,0.13808680256013753,3.2152599584555226
2,0.9611695993997441,21.212808528836756,0.46885892245715177,0.14099110615824,3.049131689882698
2,0.9498239457427167,18.85755742913001,0.4617974119823268,0.15786966159247892,2.95955522971652
2,0.9578678597422748,19.323848362658847,0.4534202355404108,0.14730001136616017,3.0140098057184748
2,0.949641289165427,15.520451490713588,0.4891907756805362,0.17716899254808366,2.660293713343109
2,0.9750155814663143,13.863407258064514,0.5090315137122031,0.15109721406020724,2.4888005559628548
2,0.9584989115849657,21.712701612903224,0.43449486937699505,0.14435833930334246,3.2210257820136854
2,0.9509734337852198,19.830660434995114,0.4481435587527022,0.15114123717811634,3.061694312072336
2,0.9558744190278128,16.455767350928642,0.47486915234935995,0.16190021810543118,2.769435789345063
2,0.9728934503128972,11.764387829912025,0.5495192525492745,0.16826898592519257,2.2207890395894427
2,0.9677096731656382,13.575833944281527,0.5669177022266703,0.16694283961797793,2.239946083822092
2,0.9713777729600576,10.285037878787879,0.6074475700391159,0.18515063768201248,1.9211953201368528
2,0.9818907799925564,10.460975684261975,0.6056596409546459,0.161388924535885,1.9341054191104594
2,0.9795457690236422,11.066104594330401,0.5926343611938285,0.1625794187677685,2.0137234237536656
2,0.9617734952235899,16.01478494623656,0.5339754305033964,0.1677250644063095,2.5060712976539588
2,0.9543189520877416,15.93019916911046,0.5412826763160192,0.17752964230416504,2.471583272238514
2,0.9713057084097871,12.573390151515147,0.5633717194735202,0.17210215803649595,2.21663077346041
2,0.9740592979429996,12.849217986314759,0.5763477019568101,0.17018299347774887,2.182841520039101
2,0.94428723078049,17.883553274682306,0.463466157800216,0.1676855995479732,2.8955354960899315
2,0.9362472711402292,17.56917460899316,0.46266419331169417,0.17196303511920263,2.878012738269794
2,0.937809632577414,20.2626160801564,0.4309866530679767,0.15900893285662107,3.154860092864125
2,0.9586465889332751,16.288077346041057,0.4701120083330312,0.1577070079786209,2.776686980694037
2,0.9653226321497597,17.13233137829912,0.49430895061286023,0.15738540671997878,2.7339778836754642
2,0.9562661194858838,19.129108626588465,0.48425181787703075,0.15621874998050012,2.88261776026393
2,0.9636438203262939,18.57041177908113,0.4864450401924631,0.15353490426071742,2.8416269550342133
2,0.9746492674284812,17.047302663734115,0.5113107625002771,0.14373401524009594,2.6600187866568916
2,0.95837978143013,25.948909457478006,0.43134971032502334,0.132377526965348,3.4229327040566955
2,0.9606082408030363,25.827422409579672,0.4210212497766881,0.12816906317958193,3.4658365408113396
2,0.9597710342213612,24.666177908113397,0.43788336302395225,0.13142683377667772,3.334952346041056
2,0.963942751425499,21.682765151515156,0.4518649126558868,0.13524666656243195,3.128994073802541
2,0.942523238178182,20.198329056695986,0.45794358003175356,0.15899601953331866,3.031696755865102
2,0.9468940692958466,19.712273949169113,0.46975843189785954,0.15584046904801827,2.9605021994134892
2,0.95907882848788,16.09277248289345,0.4970295240740752,0.16457849629917956,2.659579667644184
2,0.972520693118669,16.212747434017594,0.5015960316257426,0.14371344734405603,2.650824016373412
2,0.9224150348020232,23.603448802541543,0.42823943128373937,0.16354466662896744,3.333199688416422
2,0.933568431659577,22.31813599706745,0.44418183570689873,0.16167051474736144,3.204083424975562
2,0.9321998856653585,20.020222385141743,0.45465723006710873,0.16919612152487126,3.042056146138808
2,0.9433932053516432,20.456149193548388,0.461017493916108,0.16002531517817967,3.042632728494623
2,0.937916079075137,16.267259286412514,0.4993342949468018,0.19067298751059028,2.6646123533724344
2,0.9464434014206441,16.271780303030305,0.4954775468835732,0.17588704949023937,2.6766403958944283
2,0.9519846996059717,13.867118768328448,0.5197449845416955,0.18871375346738958,2.4512386974584564
2,0.9518431572387652,13.91843841642229,0.5186230966380141,0.18289519266042575,2.4596239613880746
2,0.9728916480854956,14.851661779081136,0.5194500228697343,0.14750153005370295,2.4925617057673515
2,0.9679482622930381,12.980174731182794,0.5434262669989695,0.1647405051735792,2.3011592741935485
2,0.9757168003860716,13.527217741935484,0.5272222227990757,0.15031143296643962,2.391617790811339
2,0.980747688568765,11.040719696969699,0.5628685068821214,0.15712318059250413,2.1221667277614857
2,0.9258547126627615,20.07752932551319,0.4448391987971941,0.1671194311283108,3.0885034824046915
2,0.9236983289799194,18.014326735092865,0.4631160838123362,0.18088950741880833,2.900820197947215
2,0.942762651860984,18.609069525904204,0.4630505382990794,0.1640075780976537,2.9368241385630496
2,0.9426698444064665,17.303839809384165,0.47045950477980036,0.16750796404924853,2.8362238819648096
2,0.9597973396059177,12.624236314760507,0.5629241378884733,0.1811948386141891,2.2201399071358745
2,0.9626430912943374,13.064607771260995,0.5551088951583429,0.17581045433395837,2.2757743768328447
2,0.9682111616988492,12.843062683284458,0.5606726133704811,0.16818785669532893,2.2397627993646143
2,0.970987878624481,10.526912267839688,0.5885562006062827,0.18260453121543505,2.004788306451613
2,0.9688345338769067,8.202468230694038,0.6334251997029035,0.21983904320957445,1.697404997556207
2,0.9650218373361619,8.066440615835779,0.639772742327359,0.22731329109815923,1.6703018084066472
2,0.968004854509212,7.374602883675465,0.6618335935201656,0.2338085340580015,1.552679007820137
2,0.9724004078218129,7.987506109481915,0.6419660579194612,0.21245802456613982,1.658090481427175
2,0.9483340512978778,26.34529264418377,0.4160091411474235,0.1358875890253651,3.517889326735093
2,0.9469451540333865,28.456393572825025,0.40509922884185423,0.13260087145869662,3.6630811644672527
2,0.9633072258955637,21.92144733626588,0.4411058769305492,0.13570551372860215,3.1993485764907135
2,0.956321707301533,23.549456256109487,0.4355210934025769,0.13931119418845,3.3014647482893458
2,0.9386224433788465,25.301747311827956,0.4414826692622867,0.14973310278787155,3.3290337854349956
2,0.9590708759092078,17.493585043988272,0.48993591729465447,0.15811585652253599,2.7644489247311834
2,0.9434872464424882,24.284335288367547,0.4448235825734369,0.1470184803186635,3.2642732771261
2,0.9602125381340154,21.474019428152495,0.4581205718725637,0.14381022057720197,3.0850936278103616
2,0.9594071417587656,15.923326001955035,0.5198462092524717,0.16157013086616495,2.5640961021505375
2,0.9668187589388216,13.79887585532747,0.5311106068285075,0.16255133695676569,2.3982160312805476
2,0.9636669193238596,13.923387096774194,0.5349819854242702,0.1671889892516085,2.3944128787878793
2,0.9796246647852654,10.179389662756599,0.5791984974544889,0.16379440714618032,2.0163466825513194
2,0.9511609593585044,20.41205400782014,0.474425442778712,0.15862038346208884,2.980518389540567
2,0.947116122140237,22.068380376344084,0.4655779030616953,0.15344006109120978,3.093998197702835
2,0.9531752556499764,19.39254948680352,0.4754632899196073,0.15791168092988142,2.9187171615347025
2,0.9618135669686619,18.748671187683282,0.4764895628280164,0.1503573187379401,2.8870776820625603
2,0.9587908161836284,24.346774193548388,0.4598141553885148,0.1316861281005115,3.2342986314760505
2,0.9704941471645803,17.814928519061585,0.49993173536016905,0.13913531408762636,2.7488048326001957
2,0.9684160127997582,15.844101295210164,0.5219936483560704,0.15203157104758158,2.55166712487781
2,0.9598994751459151,20.10810728250244,0.4807905844604359,0.14177219237843008,2.952384225317693
2,0.9280312287904683,14.646306818181817,0.5318779988723198,0.21998118468752823,2.456710502199414
2,0.9407804828687092,11.29798998044966,0.5726844102188573,0.23201643832298777,2.1111772971652
2,0.9487218179453664,12.666009897360702,0.5430276446878882,0.20918743722807,2.2972148399315735
2,0.9382418117264087,13.99447091886608,0.5396108617299229,0.20632509323943216,2.387478616813294
2,0.956116341260091,31.4220277370479,0.39731528858766585,0.11525067855128841,3.8409358198924735
2,0.9596166748202765,26.918530058651033,0.41763817128196257,0.12144949431028257,3.544736681329424
2,0.9580898313453031,24.67627382697947,0.4280397480570592,0.12842442887542035,3.389292369257087
2,0.9518143228864108,30.868432306940377,0.3987301990850766,0.11980914771713623,3.8050769794721417
2,0.965571519486922,32.470063538611925,0.4012656079656988,0.10863455678501818,3.841283296676442
2,0.966689626495682,30.039115957966764,0.4154991767362593,0.11144108765087482,3.6671516067937437
2,0.9717829175380862,22.583654081133922,0.44405138265277594,0.12122476918487364,3.2027927969208214
2,0.9726884388226381,21.912191471163244,0.4523610656577424,0.12221413051805066,3.1345040628054743
2,0.9394812532052653,20.291315371456502,0.47320758587542433,0.16521907078083148,2.9771390823558166
2,0.9533833865051627,15.421034946236558,0.5064673907729352,0.17284360834316795,2.591443670576735
2,0.9513590171966866,17.13327834799609,0.5015145356519018,0.16651109462409922,2.70037573313783
2,0.9559886460730099,17.019932184750733,0.492681250537135,0.1631099336632702,2.730163275904203
2,0.9414639023274174,27.33194342619746,0.4228232537681789,0.140704027191606,3.5320022299608995
2,0.9315419307459314,28.854655425219942,0.41321333589525805,0.14125529878097717,3.642595307917889
2,0.9441239946378442,26.07694892473118,0.42638798960230884,0.13998728082614464,3.4548356549364616
2,0.9507747397642656,25.29563782991202,0.42753514634323425,0.13554512919469353,3.4151011119257086
2,0.9464704478072739,24.411336143695017,0.43933230485096586,0.14599803304880146,3.3237147177419355
2,0.9471984556325579,22.405012829912025,0.44790976545634903,0.14911148773390054,3.1796302236070386
2,0.9517907224405932,21.93099340175953,0.4510401480603986,0.15144587901194215,3.1459784335288368
2,0.9538684896226308,18.302892839687196,0.4718567460397888,0.15740239641411008,2.8774934323069408
2,0.9680361960298,13.869211265884653,0.5483289179227775,0.17907645647596254,2.341302388807429
2,0.9744982426566918,13.67647238514174,0.5473786866406212,0.16567742520899695,2.3310193670576735
2,0.9690616986718625,15.305489369501466,0.5299595058782384,0.17160973928253276,2.4824619684750733
2,0.9695537847124799,12.964106793743891,0.5619303925416521,0.17902680662176537,2.2359558284457477
2,0.9624160722292863,15.176121089931575,0.5268870345334881,0.16765218312094532,2.495169690860215
2,0.9659091194837964,14.904233870967742,0.5300228416631877,0.1659420778888408,2.471827651515152
2,0.9620527657316422,14.641190127077223,0.5286635085991981,0.166564409430258,2.4576994745845555
2,0.9656239471867426,14.205522971652005,0.5336859047839034,0.16712697450244576,2.4151927541544476
3,0.9686931665069992,20.222644794721408,0.461632127680392,0.12963255203162782,3.0313149132453567
3,0.9600700208183849,29.048799486803517,0.39622359831461973,0.11531680775244006,3.7517984787390026
3,0.9633038927703339,26.4714534457478,0.40999794155206326,0.11823805504223184,3.5680558101173028
3,0.9704501369347701,18.425265762463347,0.4958870353993916,0.13729862830039324,2.791380284701858
3,0.9640965662029293,23.28517534213099,0.4348210124464029,0.12523608265419783,3.2982229044477034
3,0.9553022795674074,28.87054007820137,0.3999340059071689,0.11942674882299026,3.7239965175953076
3,0.9609771709586438,26.66781219452591,0.4227589558527425,0.12135680353939206,3.5194166972140772
3,0.9546938205750304,28.3321725317693,0.49735915705112077,0.16226271200901377,3.23754429374389
3,0.9595441856437081,26.043591153470185,0.41567344300622394,0.12483711298558643,3.522849462365591
3,0.9821740777275653,10.144214320625613,0.5913509015144183,0.1580667505273598,1.9754398826979476
3,0.9612797671703379,25.084295576735094,0.42030745264373376,0.12582771548771124,3.455312958211144
3,0.9726217429435816,17.05434384164223,0.5067980329512516,0.14173409772384266,2.6664757453567938
3,0.9634389858398673,24.824673142717494,0.434546514486419,0.12362395451102084,3.372857862903226
3,0.9726323198606168,13.967497556207233,0.5457078924140522,0.15915617687649378,2.3529982282502453
3,0.9140394921157137,38.33478433528837,0.4203271942546977,0.1376985464123392,3.930470277370479
3,0.9421997309207177,42.20960105083089,0.37578733177006096,0.1122411092644948,4.336643908846531
3,0.9491411828092574,32.74398216031281,0.36989072406742535,0.11860044498667052,4.029737903225806
3,0.9372998026031246,39.68108504398827,0.39627918820383595,0.12584397246354767,4.1584035923753655
3,0.941183108394024,33.967146260997076,0.4088227182171744,0.14552455846768061,3.896280089198436
3,0.9540321678481255,29.143954667644184,0.4091589414120184,0.13114425809186944,3.707199260752688
3,0.9383642322358371,40.32293194037146,0.3567829111344502,0.11827519230936828,4.445545423998046
3,0.9657664901309122,18.33258492179863,0.46509023936378646,0.14166237509694182,2.9102097079667644
3,0.9350544734049334,42.08696847507332,0.34805957284297784,0.11690799587205092,4.559567448680353
3,0.9482637551019566,25.76383797653959,0.40422089570846775,0.1347111421589076,3.5571465664711632
3,0.943544761436254,35.48067876344086,0.41189713570596964,0.13337547824036639,3.9438118585043993
3,0.9435141138868907,32.67526576246335,0.3911043019105979,0.1303910150172186,3.9374274499022475
3,0.929202683788384,45.23750610948192,0.3785682683573331,0.11817200951564011,4.461663000977517
3,0.9312379726081975,40.15554740957967,0.36574241906418625,0.12846426858459006,4.382224462365591
3,0.9433269853341758,36.757514662756606,0.3739193764180679,0.12337444675343516,4.211586632453569
3,0.9433747117711838,30.624053030303028,0.36302556082053655,0.12098847386551902,3.9805947580645165
3,0.9674439448776888,13.039619990224832,0.5706291980504313,0.19008253615982765,2.222346957478006
3,0.96070631997325,17.327590420332356,0.5187057492585823,0.16919954879114785,2.6541193181818183
3,0.939246486954115,36.45761546920822,0.33794583358664354,0.11344611512571337,4.372964778836756
3,0.962904327282889,14.8266281769306,0.5330016251729508,0.1749878631621165,2.463339290078202
3,0.9183502452299979,40.63955584066471,0.37966178109124915,0.12596251694508623,4.295656922043011
3,0.9466880059161277,29.324398216031287,0.3737063450790693,0.12244558199072086,3.8636707294721413
3,0.9597225530975518,18.777737047898338,0.492699837473301,0.15244349409185182,2.8310422776148583
3,0.9484130010435766,25.0127688172043,0.4511534077599777,0.14838952265039476,3.2949505131964805
3,0.9612475117071431,29.11362108993157,0.3705437266005684,0.11209761394658349,3.8654272055229715
3,0.9355134765544232,45.23862108993157,0.3167333638185345,0.10422656806343109,4.851489949902249
3,0.9749227045488584,10.881659335288367,0.5923241941901988,0.1822734102781987,2.016388685239492
3,0.9524485943280802,19.22253787878788,0.5166251835795909,0.167838798230025,2.7530241935483875
3,0.9493097710440753,10.04487414467253,0.5820691678487048,0.21711876922297807,1.9950665933528837
3,0.9600191266577561,12.2959738514174,0.5336310745910111,0.1874045123855812,2.3019993279569895
3,0.952508209603482,24.83457050342131,0.43887373791448775,0.13781771264010637,3.380380162512219
3,0.94802666372916,28.29055168621701,0.4272259645920142,0.13131267130297467,3.598442845796677
3,0.9603116880329059,11.732160312805474,0.5422388014419421,0.18618732451357406,2.2380254154447705
3,0.9661538462961925,11.296187683284456,0.5560431736804666,0.18569513147466632,2.1614583333333335
3,0.959574715796807,15.919507575757576,0.4799370584744208,0.16502915664893175,2.712793255131965
3,0.957660731213381,18.534518572825025,0.4462347524266946,0.15028574069020126,2.9901179130009776
3,0.9657596781139542,11.335410557184751,0.5691066839793749,0.20187407002317995,2.1179053641251224
3,0.9637436333365822,16.73161045943304,0.5210938816252275,0.15724264972834434,2.623083150048876
3,0.9628370531479602,20.256262218963833,0.4689785683670693,0.13907965792057322,3.0194281524926696
3,0.9861460687972197,8.764754398826978,0.6300205530230891,0.1627547804600342,1.7587136485826
3,0.9652319604325273,18.589794110459437,0.48834144403072505,0.14299781072121606,2.8544072275171066
3,0.9615678806071503,17.2325727028348,0.5244625564209024,0.1640630440707864,2.6311667583088956
3,0.9589292493627896,22.574993890518083,0.4503307707323052,0.1340713430928696,3.2166727761485823
3,0.9744908190224075,14.598820869990226,0.49419885137986413,0.15049949806737706,2.583417338709677
3,0.9710500918146534,12.455660434995115,0.5241448932839176,0.16647079708667495,2.345502657624634
3,0.9729348625004746,16.697336265884655,0.4651743893322437,0.14350565069686572,2.8148979716520035
3,0.9803040310491167,13.827620967741936,0.5045826105583302,0.14261572003571454,2.4981442448680355
3,0.9716891403137267,13.257591031280548,0.5100468016254274,0.16074293290352182,2.445232313049853
3,0.9708625135526754,16.140579178885627,0.5129723288971605,0.14820158023817134,2.6211739369501466
3,0.9284368460249063,23.783082844574782,0.4467974051674629,0.17263220118652428,3.26149346285435
3,0.9612074098745129,17.339824657869013,0.4698548212926811,0.15444292899812453,2.838713495845553
3,0.9463714002519458,15.94594635874878,0.4797533226572819,0.17698939261830682,2.7220605755131966
3,0.9511310166215008,18.843475073313783,0.44696932334840106,0.1546873794165693,3.0132117546432062
3,0.9497594327483915,22.133461632453564,0.42259215549659507,0.1494014714828127,3.291292460899316
3,0.9489737662862053,16.716306207233625,0.4709773299683865,0.1690191705621759,2.80057123655914
3,0.9667418937787462,8.068701124144674,0.62893349688568,0.23143282959830153,1.7117470063538613
3,0.9771591873577864,10.179389662756599,0.6083971961584512,0.18936338316461465,1.924987017350929
3,0.939028377480846,18.770833333333332,0.45067744061685683,0.16920828582636338,2.9973652859237534
3,0.9206107885169014,17.02430046432063,0.48712984942311127,0.2003388764195194,2.7524170637829912
3,0.9584756256174357,15.32340542521994,0.571140872213891,0.18700507337867492,2.329148338220919
3,0.9738231034600193,12.699062194525904,0.5575985391929349,0.17215797982472433,2.2563118585043993
3,0.9758493106231781,11.940463098729229,0.5692580814430032,0.17363001761905367,2.1698665078201373
3,0.9276883796736851,22.855403836754647,0.45459496015708606,0.1740719977926044,3.1844490774682304
3,0.9550912423527989,19.50895039100684,0.43812281579289497,0.14907428758506294,3.0862506109481913
3,0.9810983850531027,9.514036534701857,0.591705493012452,0.17497498625999489,1.9295996761974583
3,0.9558203311484738,16.447336265884655,0.4689755034352741,0.16527426276032597,2.7926747311827955
3,0.9301296405798627,22.378848973607038,0.4390949845319355,0.1582531248022354,3.234260447214076
3,0.9560113809458105,18.04890640273705,0.4514821574461705,0.1545789966632656,2.9519489247311825
3,0.9426930293882337,20.345078812316718,0.5050185270493962,0.17489098730519942,2.8596461082600193
3,0.9494676244410853,19.79934934017595,0.4843203322631516,0.16518495316001205,2.925819434261975
3,0.9660786973395257,9.877779814271753,0.586104491362321,0.20509437093303937,1.9721331256109484
3,0.9671930484099268,15.85289894916911,0.47716644123226115,0.1534502178236625,2.7257186278103616
3,0.9650817633931887,17.29785251710655,0.4989204412462958,0.15765996896786644,2.7381056023949166
3,0.9569155673333709,14.378329667644184,0.530551304538027,0.18253294194669073,2.4421432062561093
3,0.9759278289462608,13.563599706744867,0.5207864321086202,0.15953129430635601,2.4280684872922778
3,0.9697547966382246,13.410709921798631,0.5746559523522583,0.17880581464500397,2.227417827468231
3,0.9369213363062008,24.256216397849464,0.4292280072180271,0.1490140190374414,3.3599363086510263
3,0.9493777212184044,17.646612292277617,0.45450566189164343,0.15951567652409412,2.916380284701857
3,0.953584412268335,14.50461265884653,0.4970557594117051,0.17564561627619196,2.5687851295210162
3,0.9433441051060406,19.92010325024438,0.43467341663842723,0.1560489657562544,3.1224225623167157
3,0.9581322143559268,20.065982404692082,0.5070117185147645,0.1574471112037421,2.8344101295210176
3,0.9579996698327403,11.82419965786901,0.6370374061676585,0.23377558585629296,1.9021871945259037
3,0.9473124358703258,25.37836021505376,0.39139685680752623,0.13454370603652857,3.5925357404692084
3,0.9655589887495508,16.262402248289344,0.5237162952012787,0.16034049595084582,2.584662145650049
3,0.9640447622795919,17.102868401759533,0.513848767538064,0.15958026827803604,2.665196572580645
3,0.9713799012119209,15.113666911045943,0.5325784328764728,0.1564059379768408,2.4865973240469206
3,0.9484933061237886,17.73681879276637,0.47705971256985513,0.17405917976657756,2.8349714381720426
3,0.9456144224897225,22.699795332355816,0.440088894191954,0.14546395526678157,3.2706156830400777
3,0.9392160207331957,27.45775293255132,0.4362215418369003,0.14159078957715623,3.504780669599218
3,0.9402550820753687,25.030440493646143,0.41491164177289025,0.1458618878241318,3.4718085593841645
3,0.9350113893889326,22.212609970674485,0.4325651495567425,0.1583566298757348,3.25552908113392
3,0.9108474623983416,27.989537512218966,0.391924103338671,0.15361477617950206,3.712308315004888
3,0.9066044035327416,25.13144550342131,0.4165255759065866,0.1699026232632302,3.462434323069404
3,0.9777531364916476,8.61569831378299,0.635186790597086,0.18936642290736036,1.728803916177908
3,0.9470887731266258,24.54857038123167,0.42504830618131095,0.13857082863075146,3.4115576124144673
3,0.9594857410106988,22.50516251221897,0.4327681212165072,0.1319655725233946,3.286817265395895
3,0.952643619786245,24.34197825024438,0.42518341454565484,0.13410980141954554,3.413963220918866
3,0.9561568724496124,23.16287878787879,0.42480374015432243,0.1316109208561625,3.3517839687194533
3,0.9591306212483096,22.65623472629521,0.4317322393259826,0.1317819442899564,3.2958325696480943
3,0.9781753874350156,8.483596041055717,0.6493628058092358,0.2027852003136705,1.673348912512219
3,0.94416712684339,15.842314271749757,0.5602638816626928,0.19936927341746336,2.394145588954057
3,0.9710049306175962,10.166193181818182,0.6097674279562291,0.20101125716873,1.913111711876833
3,0.9739236179024854,9.479823435972632,0.6212055115530782,0.20190952967341463,1.8311606488269798
3,0.9574276125253035,18.043392595307918,0.4988928806475186,0.16783925969800803,2.767614400048876
3,0.9694019233280317,9.880788734115345,0.6132443607027643,0.2021723352117464,1.886978402981427
3,0.9425814815113533,16.34365835777126,0.5186886611381459,0.1925720283417945,2.5978586265884656
3,0.9826919153904247,7.803473240469208,0.6591224527691887,0.19409870467782533,1.5992905364125125
3,0.962487001265187,11.628390762463344,0.5777558917445148,0.19874780656039046,2.1165078201368526
3,0.9400256618651517,19.40434078690127,0.4822420105966077,0.17762268275540502,2.9146772666177903
3,0.9436144044308441,15.54870784457478,0.529501425279336,0.19673683333513356,2.522723454301075
3,0.9336104189439507,22.574382942326498,0.4604172053685247,0.16758417252811716,3.1649254643206266
3,0.9519892226525238,14.445075757575754,0.5387651501820674,0.19529698008435817,2.4262356427174967
3,0.9434695164862605,17.046737536656895,0.49453130847791077,0.18347747714833884,2.736803519061584
3,0.9199396414658763,24.28125,0.44946588472229104,0.17160168991345437,3.2919568670576735
3,0.9759716630533988,7.992072947214076,0.649911611437957,0.2070627183840352,1.6388036107038124
3,0.9400638282845891,19.39261058162268,0.47367716136903454,0.17488303968580673,2.945178855083089
3,0.9678236346938316,11.06712793255132,0.5792374751673134,0.19178530553019793,2.0749442509775173
3,0.9239926879902716,23.33168377321603,0.4389702752572036,0.1661477100259948,3.293606427174976
3,0.9532991950517226,14.376084433040077,0.5259624986366351,0.18762993008059042,2.465004123900293
3,0.9236771857669641,18.196190738025418,0.4956558842306325,0.190134801322777,2.7877298692570873
3,0.9544241680216123,16.871960532746826,0.5045643731546035,0.1717576468677273,2.6821351111925713
3,0.9299128698523738,18.67459371945259,0.5285304139074153,0.1958679735322766,2.665303488514174
3,0.9573709149063636,13.296875000000002,0.5420755627935352,0.19067895961068587,2.3419667949657867
3,0.9646032689476248,10.736100928641251,0.5725776353656963,0.19719500755859556,2.0772773093841645
3,0.9677779088423204,15.642931329423268,0.5389287538706243,0.162481897614716,2.483252382697948
3,0.9425319848838816,11.371257942326489,0.5660982746593853,0.21497602009892944,2.1368943976050834
3,0.9680788610413843,10.677266617790808,0.5828566049546697,0.19294076918451478,2.038489736070381
3,0.9671658133786024,14.964030425219942,0.5243726995615823,0.16514868682371028,2.4894649621212124
3,0.9427048543788464,33.453476295210166,0.38095326966402393,0.12350744328249026,4.029730266373412
3,0.9453952120386271,31.98833088954057,0.3837986015556448,0.12530305945372064,3.9596010508308908
3,0.9258365632110517,42.01783968719453,0.35644384810328295,0.12086545821822244,4.510867240957967
3,0.9614394280680644,23.23930840664712,0.45391699262876073,0.1427228130064502,3.215718169599218
3,0.9186034921974929,53.887967375366564,0.37018596195190406,0.1107171897222863,4.815741843841643
3,0.9728988152884549,20.92250122189638,0.4612619791892613,0.12452849468678864,3.0750626221896384
3,0.9553082982916741,28.195686705767354,0.3946464923571132,0.12277636955404765,3.723500122189639
3,0.9563727353900633,27.116019061583586,0.4051176164934186,0.12420693274029175,3.6248090786901273
3,0.9584459351425665,12.851264662756599,0.567297535744795,0.19113249979884586,2.2214228983382207
3,0.9509203607316241,10.871670332355816,0.5941509112350675,0.23763976680690954,2.0126237170087977
3,0.9220541814564518,17.83990102639296,0.5341554541053065,0.21386901756803342,2.625
3,0.9589083287839368,15.010630498533727,0.5334531549721416,0.1697442949616791,2.4613575268817214
3,0.964228552666076,11.578415200391007,0.573583953250774,0.18752991211004086,2.12684811827957
3,0.9386621678444993,31.921859726295207,0.41498902421807465,0.131267767913656,3.802465175953079
3,0.9593121919247101,17.313630254154443,0.5040784260364842,0.16224920816371635,2.7202162756598236
3,0.9784088769065338,11.150904203323558,0.588969472706327,0.16830077364230134,2.0486696603128056
3,0.9493601192185901,21.97157563538612,0.46239913327071896,0.14961609628339184,3.13257193914956
3,0.9505025989724984,23.773765884652985,0.4500595101651299,0.14169323742071835,3.2746746700879776
3,0.9595139691758068,14.304023093841641,0.5354026209899737,0.17592151396416256,2.4275988208699903
3,0.9513036692303972,23.253253299120242,0.44282364406459124,0.1415149762988726,3.2732198497067455
3,0.9336283055452024,21.88147605083089,0.483983390528879,0.16892654815107258,3.025858382209189
3,0.9639466624266217,11.628497678396872,0.5639036746796907,0.1893949935973241,2.1654333150048872
3,0.9438768546747361,19.89192326490714,0.4864278247851005,0.1700318342553111,2.9249755620723366
3,0.9483405395269724,16.386714931573806,0.5206230515998704,0.1823486956248634,2.6029791361192576
3,0.9431186090080809,20.349935850439884,0.4833204693416507,0.16871138252022277,2.960315096529815
3,0.9422627840181591,20.655119745845553,0.48431517229050414,0.16892890908044966,2.974996945259042
3,0.9411167032964094,19.63960166177908,0.4867781352494175,0.17154526090226146,2.9125809506353866
3,0.9387862117711743,20.585929863147605,0.47680091651749734,0.1692446816010418,3.000084005376344
3,0.958300009761329,19.63242302052786,0.5094231447921383,0.15741299981224713,2.807536045943304
3,0.9593866830521429,19.734145894428156,0.48229288266718384,0.15263409941909925,2.9337350317693063
3,0.9687606407757602,15.560193670576732,0.5213377055512066,0.15662749904881332,2.5553633614369495
3,0.9511237112500116,23.693594208211145,0.4908760470494862,0.1544963060501149,3.0702934078690123
3,0.9565174804772898,19.278790933528835,0.49684939405136685,0.15562976797550604,2.846411443059629
3,0.9528755363859511,17.799807551319645,0.5017008166483294,0.16674625947050967,2.7554107099217986
3,0.9552983053819982,15.21717680840665,0.5578701132320119,0.1907164092377351,2.395501130254155
3,0.9154487617977964,22.49361559139785,0.4463567828187615,0.17741154748427182,3.2180015884652984
3,0.96264076184797,10.098026637341153,0.5932513100636673,0.21142701208359374,1.966153470185728
3,0.9045607873154595,18.265625,0.4708994779393265,0.206460567075997,2.8938592069892475
3,0.966347942320376,10.373854472140762,0.5873998414218795,0.1967931290570497,2.0049448619257086
3,0.961487856808329,10.5324566226784,0.5721702282802358,0.20147644637799578,2.063962457233627
3,0.9642967996349474,30.055794843597262,0.4189665566364619,0.11692776292115653,3.699768603372434
3,0.9496525713727778,43.01432673509287,0.3645379390788,0.1056052997806548,4.514143450635387
3,0.9548812872388425,37.61609543010753,0.3723529281103153,0.10654277296918946,4.245261333088954
3,0.9333828776267077,54.74088159824046,0.3187493693096932,0.0975299186218712,5.190031616568914
3,0.9428326435800891,46.01090542521994,0.3400759332439938,0.10118435611356512,4.753054740957967
3,0.9326310488080557,49.89842986314761,0.3915634287968298,0.11298685967118895,4.519641984359726
3,0.9606337909814069,33.479991446725315,0.389307433671622,0.10859646215882092,3.9834280303030303
3,0.9400333235897139,16.927831744868037,0.5127862686324273,0.19699898452246734,2.6641579606549364
3,0.957173298823014,14.695671432062563,0.541698576284769,0.18709296526726144,2.4246357221407626
3,0.9682178704672645,6.063767717497555,0.727958830683011,0.2860452745031339,1.2623220613391986
3,0.9371519815804575,19.15748717008798,0.5021822300891545,0.18768209542698855,2.818850042766374
3,0.9538768931772488,12.748167155425222,0.5538453664278792,0.19557149400792156,2.2688324780058653
3,0.9591653300092545,12.651438782991201,0.5673596197779157,0.19801889504874562,2.219517503665689
3,0.9736632534834105,6.404401881720431,0.6953977827329855,0.24276995968230855,1.3874442509775173
3,0.9641228990393679,11.17474645650049,0.5838945815835204,0.21444631200693032,2.066360428885631
3,0.9601935650932223,9.896627565982401,0.604094200393064,0.22310321898722765,1.9155058651026389
3,0.8982348417477916,8.84747678396872,0.6700334338746216,0.33962184387747985,1.6305519916911047
3,0.959149085297045,8.178305229716521,0.6394226121467446,0.24636197780632116,1.6883553274682306
3,0.95849999966129,5.688569159335289,0.7129458556264219,0.2891420387721026,1.2821206011730208
3,0.9675031251617762,5.8216947702834805,0.708457500964423,0.2719518066703808,1.305886485826002
3,0.948250249510227,10.56983137829912,0.596170454955226,0.24032519221769214,1.9895069648093842
3,0.9400217189291842,12.528882575757576,0.5655710231958682,0.21485164617546687,2.1935674792277613
3,0.9667374760837328,10.740117913000976,0.5832176229058802,0.19820972018693248,2.0337052480449658
3,0.9553779931280231,8.728448802541545,0.6167493742817592,0.23672749483479202,1.7979403409090908
3,0.9652962222886272,11.412252565982406,0.5690478065294989,0.19203063895114203,2.127333058406647
3,0.9565956233217271,9.706775415444772,0.6123799747076029,0.22340250472444576,1.877054313294233
3,0.9598717444649307,15.748472629521016,0.5181497207766673,0.16510361551904526,2.565554740957967
3,0.9647797100700951,9.610520527859238,0.6177202246184234,0.20832326565757886,1.848744501466276
3,0.9633402661146327,10.633965664711631,0.5933723450233027,0.19776349967027185,2.0012180779569895
3,0.9545689868784157,15.00297837243402,0.5299619719527604,0.1757951599045822,2.4866775109970676
3,0.9720372342405957,6.563187316715542,0.687953895152999,0.24149623344982923,1.4215351600684263
3,0.9488752855892612,11.605755131964811,0.5645080080266884,0.21365318345006656,2.1611604960899315
3,0.9494112071189305,12.146413734115349,0.569764621483673,0.2191048264772963,2.175960716031281
3,0.9389892170901771,14.251955034213099,0.5438559795165009,0.21523194839080997,2.3905944525904204
3,0.9412822743205433,16.082875122189645,0.5221107097234866,0.18831961710181158,2.5743142106549364
3,0.9566375022607391,17.09130620723363,0.5039093222056181,0.1655173535084783,2.697832661290323
3,0.9529463460630961,15.622418743890517,0.5175120971261828,0.17625048945414734,2.565848759775171
3,0.9572270863317441,10.457707111436951,0.5926622672896079,0.20786685074137,1.9867462426686224
3,0.9568266227384846,10.32424547898338,0.588940310523622,0.21041944073339142,1.9918476600684258
3,0.9550099204766233,9.960990957966763,0.5905305360666562,0.21763771657118272,1.9656647116324535
3,0.9490605071469895,10.733702956989248,0.583179877067586,0.21498388958323175,2.0389135813782993
3,0.9558784607775702,13.276286045943303,0.5340062991283633,0.18323980454595154,2.3690699841153475
3,0.955775449058992,31.940081256109483,0.380791870213729,0.11312123920607974,3.941413886852395
3,0.9487312234698011,36.04320931085044,0.3805189966947361,0.11264849569623615,4.10821801686217
3,0.9497975200628935,32.34773643695015,0.3747108262469851,0.11541556978693332,3.98832707111437
3,0.9534108898915301,32.726646505376344,0.39011465147695273,0.11531612084660699,3.9169072275171066
3,0.9579770571439635,27.246471774193548,0.4073796045259306,0.12320995767735922,3.6073321419843603
3,0.9575952605924112,31.015136241446726,0.3977109296156834,0.11514279312170898,3.801705309139785
3,0.9558863036248008,32.24460838220919,0.37488809148414465,0.11352519867982849,3.986280394672532
3,0.9566455784025157,28.576001955034215,0.4001677827984264,0.1198318028016869,3.6834219208211145
3,0.9524727466847456,34.32725439882698,0.36725467380467736,0.11439133409892699,4.098706317204302
3,0.9265522385063245,49.599019428152495,0.3310768242439612,0.1096177971589889,4.910515182062561
3,0.9338617610601017,35.22200329912024,0.3613733112784721,0.1221101534089655,4.179813508064517
3,0.926190913604903,48.68731671554252,0.3297251204730758,0.11070180861921061,4.883980938416423
3,0.9459388310441372,31.44113514173998,0.3759366023177012,0.1228014970786483,3.9444571725317696
3,0.9313694841947305,47.8964748289345,0.33655833700294946,0.1077102730076277,4.806176686217009
3,0.9557857113160498,33.85444159335288,0.3722451170164246,0.11299685161797803,4.05745204056696
3,0.9398148913862029,46.73020527859238,0.3392909919824116,0.10517866741420266,4.763494318181818
3,0.9342708347343183,41.137035679374385,0.3244161877933401,0.10795836867310539,4.634652981427175
3,0.9545622383418746,23.906509652981427,0.4519207037393158,0.1402811182577392,3.2350584982893458
3,0.9189177007019419,51.223851417399814,0.2935448500307642,0.10281356203295616,5.209853066959922
3,0.9552629403251467,20.62189943792767,0.4702008644096759,0.1486492924528343,3.0056550891984366
3,0.93543328295783,36.97192693059628,0.34151715633010943,0.11441338788633311,4.365110276148583
3,0.953451317840758,22.46297653958944,0.4532641067339445,0.14199307804783343,3.1624740347018574
3,0.9458304757780686,49.33183651026393,0.29749959864705905,0.09409391521881132,5.116118340664712
3,0.9593791754638251,19.744226539589445,0.46840540378620815,0.1465964209603569,2.965741080156403
3,0.9553877731129741,16.63036107038123,0.4686103689863504,0.16616417272588183,2.7932971346529816
3,0.9430309281672868,30.84258919843597,0.4095712802843461,0.1280075162572396,3.774086632453568
3,0.9590513675568765,14.580629887585534,0.4897244662741791,0.1698927612159953,2.59719040200391
3,0.9440781408114227,32.38980021994135,0.40984858063581514,0.12486132893327512,3.828900140518085
3,0.9525691790439086,20.292552541544477,0.4297981906434216,0.15160974596224674,3.1475898093841645
3,0.9564260124824931,23.759546065493645,0.4383156334065545,0.1323441861831284,3.3176586937927666
3,0.9698353432974854,19.0509378054741,0.43352852922300106,0.13731719875336898,3.0675594147116336
3,0.9465719070746921,28.64699413489737,0.4162387306590344,0.12940141515270845,3.647521077712611
3,0.9480765648299149,23.70295698924731,0.40821913576112645,0.1435932953707428,3.430290811339198
3,0.9575983013358582,18.853937561094824,0.46944370446477834,0.1520074124617723,2.9292331072825033
3,0.9281710367915974,24.26748839198436,0.39810186275155024,0.1517671017606821,3.504356824291301
3,0.96719959212744,17.03231915933529,0.49591202833704895,0.15428873700138726,2.730105999511242
3,0.9518310368419256,22.41684995112415,0.41210186742142874,0.14280068533553317,3.3479197214076244
3,0.9549119960329729,21.76176075268817,0.46807991097171303,0.15653855532127953,3.078667216520039
3,0.9610894765370264,23.123717008797655,0.4073178187638008,0.13053757060325952,3.4040964076246336
3,0.9609106588041335,19.40417277614858,0.47298421409310654,0.15288530237366219,2.9457172531769307
3,0.9463778657472957,28.6657196969697,0.380590457717054,0.13315476750769448,3.791834677419355
3,0.9465810247611337,22.37900171065494,0.4752051701396765,0.15781184232613937,3.048967497556208
3,0.9301130351664538,29.424196603128063,0.3674796462686724,0.13532740761347276,3.8976699963343115
3,0.9609086781009231,21.819418988269792,0.47330918653547654,0.14198578799306658,3.0511936400293256
3,0.9464300525689731,26.863101783968723,0.385895088367512,0.13524887830552157,3.685105846774194
3,0.9513527869073698,23.434460532746822,0.4674533893070446,0.15005198508421302,3.1411252138318675
3,0.9432531085664394,27.43551441837732,0.38018345616853055,0.13234128432124903,3.7420194892473115
3,0.9579174123459734,20.606442448680358,0.47180962301034024,0.1486156860501085,3.0038451551808407
3,0.9439112654853458,22.15709005376344,0.43348659874044315,0.15537641216176853,3.236150568181818
3,0.9335055670283063,27.612796309872927,0.4112445391472475,0.14022780689705774,3.6190623472629526
3,0.9325676078348697,28.39477944770284,0.3900134391041649,0.14087651869952278,3.7357076307429136
3,0.9192567940995608,37.41530730694037,0.35371736080517946,0.12422880747048957,4.323409243646139
3,0.9221265327208711,26.72148399315738,0.4014561643913532,0.15063240159499705,3.6051709127565985
3,0.9372252201242098,29.302801197458457,0.3998451405758227,0.13335867381340083,3.731683009530792
3,0.9406066059692805,29.581424120234605,0.38079949729410423,0.13122488480268021,3.831030822336266
3,0.95186652001548,26.772528714565006,0.40260889937476824,0.12689966283052226,3.6180466458944287
3,0.9577261344015318,19.217222629521018,0.4806394194079369,0.15283854726695575,2.8813080400782014
3,0.9516135769607794,20.1960685483871,0.4672858901538422,0.1550345916872409,2.9888234665200395
3,0.9690095198330047,15.872876955034211,0.5126634803101013,0.15317340786296613,2.58799563172043
3,0.9683588974099616,17.660434995112414,0.4962151647542246,0.14637712121101512,2.742401331867058
3,0.9207592782728353,25.49378360215054,0.4339704914324464,0.16569692910214048,3.407391709433041
3,0.9270500185760998,24.450833944281527,0.4422092398513552,0.16344586307554768,3.3206217925219947
3,0.9285798399236965,24.061033724340177,0.4328481231285123,0.1611361870436353,3.345590481427175
3,0.9303359090761449,24.471239613880744,0.42892185249162346,0.15747300122817676,3.3851150109970676
3,0.943395692991224,19.665124022482892,0.4701100285974323,0.16829883579196978,2.95474783113392
3,0.9471817051403283,19.668621700879765,0.4676159826907684,0.1639304553242561,2.968360520527859
3,0.9567674905401587,18.48877382697947,0.47291701058648467,0.1597502537285324,2.8843742363147604
3,0.9643411694857916,16.36236864613881,0.49586285119884954,0.16013165330978593,2.671374786168133
3,0.9282082179352418,42.14406158357771,0.35063061147949987,0.11632175885523001,4.524613575268818
3,0.9387171814869274,43.47533296676443,0.3461361195984169,0.1076412422938339,4.593906555474096
3,0.9401895170333511,40.08189760508309,0.36147657661232574,0.11163208592044885,4.375015273704791
3,0.9482200362205456,35.590069037145646,0.3671016363490458,0.11277643088773318,4.166380284701857
3,0.9400498292183243,17.723118279569892,0.49559983462690166,0.17509202863053683,2.74861772971652
3,0.9247822028011424,18.79018511730205,0.5002531807302323,0.18737015690288633,2.7893717925219943
3,0.9452800740521163,17.551869501466275,0.5008070334735855,0.16991289875335233,2.724393633919844
3,0.9539650138589422,17.30953690127077,0.4992717493513732,0.16163953205044215,2.7086158968719456
3,0.9403628826442748,26.34877504887585,0.42880445485850316,0.14439865853443795,3.472900629276638
3,0.9339748535292793,33.997785312805476,0.40222700394124156,0.12855232404276537,3.939428305229716
3,0.9429085475228995,27.440814393939394,0.4113668024987351,0.13556912121449527,3.5990690676930592
3,0.9544466370971558,23.769535068426197,0.4275988422827372,0.13573637088430307,3.3629146810850434
3,0.9320932155032174,24.44444953567937,0.4469542733337646,0.1608339878131712,3.2948626893939394
3,0.9271556153773549,24.34028286901271,0.44485458104992964,0.16297517256602212,3.304576765640274
3,0.9673734840490474,21.5845857771261,0.460454150207341,0.13540589627232544,3.1017839687194524
3,0.94057001911873,23.942005742913,0.4465579575147518,0.1527257930528003,3.2805970491202348
3,0.9144593562934809,23.64856732649071,0.43297304479597254,0.17126041072666007,3.3252955461876836
3,0.9282038008341501,25.57989674975562,0.4186807604870986,0.1548006830376233,3.4744814577223853
3,0.9335231376672334,20.517152370478982,0.4534181480825345,0.1690916356239284,3.0807406219452584
3,0.9604494029860566,16.369913856304983,0.4830179627634047,0.16086443744512682,2.7381590603616814
3,0.9326948546134914,53.40078201368523,0.3278109288866865,0.09965027789561721,5.0772620356793725
3,0.9336593599403293,51.293010752688176,0.3269760735762253,0.10070658606949709,5.00639968230694
3,0.9374196276469973,50.58438721896383,0.33059085615969036,0.09949786037252063,4.950845399560118
3,0.9423899067010016,47.998610092864126,0.3302945925802883,0.0995379402622465,4.851535771016618
3,0.9360542078002769,21.928702346041057,0.46315270117573437,0.16852639367476083,3.103082233626589
3,0.9396042886510008,21.36545393450636,0.458187041518296,0.16198479116977885,3.1018947030791795
3,0.948260475194986,17.53112781036168,0.48759494649696217,0.17221912730135636,2.7858855694037143
3,0.9575129572561187,17.13185789345064,0.48763369698796694,0.1644059413188297,2.7626809934017595
3,0.9587014210889546,13.103632086999024,0.5377992240108063,0.19935021802364575,2.338965511974585
3,0.9579759064427225,12.591214565004886,0.5493653235640737,0.19928739365242487,2.264089992668622
3,0.9571033701112106,12.171737536656893,0.5639531116445272,0.21441777189130795,2.181764723851418
3,0.9603481449043126,13.621166300097753,0.5237128076631399,0.18015181862361127,2.4135546493157385
3,0.9404610956198152,19.535465542521997,0.4746786271841132,0.1661451309878071,2.9333837365591395
3,0.9620559750663311,17.641846896383193,0.48581680875542566,0.15230179848586017,2.7830561155913984
3,0.9504326290218394,16.324627321603128,0.5077872972401869,0.17122451763751795,2.633469269305963
3,0.9590818423570537,15.391174853372434,0.5030701634254654,0.16718459462375712,2.6019787084555226
3,0.9304669018245744,19.183162267839688,0.4795599142250613,0.17860272913850012,2.8936721041055717
3,0.9328445602883817,20.706286656891496,0.45816809875827486,0.1697696947813015,3.053885630498534
3,0.9555505250287487,17.643557551319653,0.4878680593144644,0.16222274702913517,2.770630956744869
3,0.9466265282249761,17.8024346285435,0.48661597583021143,0.17003243048948105,2.794595399560117
3,0.9480126388295484,16.89600134408602,0.47597708035269654,0.17264654793829656,2.7841176380742914
3,0.9492378799753792,18.1000580400782,0.46294903481997884,0.16081149272723796,2.902801961143695
3,0.9514104359651975,14.250137463343107,0.5118821495974226,0.18439883342768945,2.5005689455034212
3,0.9493196577371227,15.299440982404692,0.49644816249035634,0.1753413926637312,2.622277462121212
